date,competition_id,competition_name,competition_link
2023-05-22 23:16:44.464682,MCZ41358,Česko-Prezident Petr Pavel,/sazeni/politika/cesko-prezident-petr-pavel
2023-05-22 23:16:44.464682,MCZ41359,Česko-Prezidentské volby 2028,/sazeni/politika/cesko-prezidentske-volby-2028
2023-05-22 23:16:44.464682,MCZ30870,USA-Prezidentské volby 2024,/sazeni/politika/usa-prezidentske-volby-2024
2023-05-22 23:16:44.464682,MCZ42210,Turecko-Prezidentské volby 2023,/sazeni/politika/turecko-prezidentske-volby-2023
2023-05-22 22:39:20.882056,MCZ41358,Česko-Prezident Petr Pavel,/sazeni/politika/cesko-prezident-petr-pavel
2023-05-22 22:39:20.882056,MCZ41359,Česko-Prezidentské volby 2028,/sazeni/politika/cesko-prezidentske-volby-2028
2023-05-22 22:39:20.882056,MCZ30870,USA-Prezidentské volby 2024,/sazeni/politika/usa-prezidentske-volby-2024
2023-05-22 22:39:20.882056,MCZ42210,Turecko-Prezidentské volby 2023,/sazeni/politika/turecko-prezidentske-volby-2023
2023-05-23 04:07:14.674700,MCZ41358,Česko-Prezident Petr Pavel,/sazeni/politika/cesko-prezident-petr-pavel
2023-05-23 04:07:14.674700,MCZ41359,Česko-Prezidentské volby 2028,/sazeni/politika/cesko-prezidentske-volby-2028
2023-05-23 04:07:14.674700,MCZ30870,USA-Prezidentské volby 2024,/sazeni/politika/usa-prezidentske-volby-2024
2023-05-23 04:07:14.674700,MCZ42210,Turecko-Prezidentské volby 2023,/sazeni/politika/turecko-prezidentske-volby-2023
2023-05-23 16:07:09.841428,MCZ41358,Česko-Prezident Petr Pavel,/sazeni/politika/cesko-prezident-petr-pavel
2023-05-23 16:07:09.841428,MCZ41359,Česko-Prezidentské volby 2028,/sazeni/politika/cesko-prezidentske-volby-2028
2023-05-23 16:07:09.841428,MCZ30870,USA-Prezidentské volby 2024,/sazeni/politika/usa-prezidentske-volby-2024
2023-05-23 16:07:09.841428,MCZ42210,Turecko-Prezidentské volby 2023,/sazeni/politika/turecko-prezidentske-volby-2023
2023-05-24 04:07:27.734825,MCZ41358,Česko-Prezident Petr Pavel,/sazeni/politika/cesko-prezident-petr-pavel
2023-05-24 04:07:27.734825,MCZ41359,Česko-Prezidentské volby 2028,/sazeni/politika/cesko-prezidentske-volby-2028
2023-05-24 04:07:27.734825,MCZ30870,USA-Prezidentské volby 2024,/sazeni/politika/usa-prezidentske-volby-2024
2023-05-24 04:07:27.734825,MCZ42210,Turecko-Prezidentské volby 2023,/sazeni/politika/turecko-prezidentske-volby-2023
2023-05-24 16:07:07.213639,MCZ41358,Česko-Prezident Petr Pavel,/sazeni/politika/cesko-prezident-petr-pavel
2023-05-24 16:07:07.213639,MCZ41359,Česko-Prezidentské volby 2028,/sazeni/politika/cesko-prezidentske-volby-2028
2023-05-24 16:07:07.213639,MCZ30870,USA-Prezidentské volby 2024,/sazeni/politika/usa-prezidentske-volby-2024
2023-05-24 16:07:07.213639,MCZ42210,Turecko-Prezidentské volby 2023,/sazeni/politika/turecko-prezidentske-volby-2023
2023-05-25 04:07:14.927728,MCZ41358,Česko-Prezident Petr Pavel,/sazeni/politika/cesko-prezident-petr-pavel
2023-05-25 04:07:14.927728,MCZ41359,Česko-Prezidentské volby 2028,/sazeni/politika/cesko-prezidentske-volby-2028
2023-05-25 04:07:14.927728,MCZ30870,USA-Prezidentské volby 2024,/sazeni/politika/usa-prezidentske-volby-2024
2023-05-25 04:07:14.927728,MCZ42210,Turecko-Prezidentské volby 2023,/sazeni/politika/turecko-prezidentske-volby-2023
2023-05-25 16:07:06.303597,MCZ41358,Česko-Prezident Petr Pavel,/sazeni/politika/cesko-prezident-petr-pavel
2023-05-25 16:07:06.303597,MCZ41359,Česko-Prezidentské volby 2028,/sazeni/politika/cesko-prezidentske-volby-2028
2023-05-25 16:07:06.303597,MCZ30870,USA-Prezidentské volby 2024,/sazeni/politika/usa-prezidentske-volby-2024
2023-05-25 16:07:06.303597,MCZ42210,Turecko-Prezidentské volby 2023,/sazeni/politika/turecko-prezidentske-volby-2023
2023-05-26 04:07:28.874406,MCZ41358,Česko-Prezident Petr Pavel,/sazeni/politika/cesko-prezident-petr-pavel
2023-05-26 04:07:28.874406,MCZ41359,Česko-Prezidentské volby 2028,/sazeni/politika/cesko-prezidentske-volby-2028
2023-05-26 04:07:28.874406,MCZ30870,USA-Prezidentské volby 2024,/sazeni/politika/usa-prezidentske-volby-2024
2023-05-26 04:07:28.874406,MCZ42210,Turecko-Prezidentské volby 2023,/sazeni/politika/turecko-prezidentske-volby-2023
2023-05-26 16:07:17.676444,MCZ41358,Česko-Prezident Petr Pavel,/sazeni/politika/cesko-prezident-petr-pavel
2023-05-26 16:07:17.676444,MCZ41359,Česko-Prezidentské volby 2028,/sazeni/politika/cesko-prezidentske-volby-2028
2023-05-26 16:07:17.676444,MCZ30870,USA-Prezidentské volby 2024,/sazeni/politika/usa-prezidentske-volby-2024
2023-05-26 16:07:17.676444,MCZ42210,Turecko-Prezidentské volby 2023,/sazeni/politika/turecko-prezidentske-volby-2023
2023-05-27 04:07:00.355317,MCZ41358,Česko-Prezident Petr Pavel,/sazeni/politika/cesko-prezident-petr-pavel
2023-05-27 04:07:00.355317,MCZ41359,Česko-Prezidentské volby 2028,/sazeni/politika/cesko-prezidentske-volby-2028
2023-05-27 04:07:00.355317,MCZ30870,USA-Prezidentské volby 2024,/sazeni/politika/usa-prezidentske-volby-2024
2023-05-27 04:07:00.355317,MCZ42210,Turecko-Prezidentské volby 2023,/sazeni/politika/turecko-prezidentske-volby-2023
2023-05-27 16:07:23.142394,MCZ41358,Česko-Prezident Petr Pavel,/sazeni/politika/cesko-prezident-petr-pavel
2023-05-27 16:07:23.142394,MCZ41359,Česko-Prezidentské volby 2028,/sazeni/politika/cesko-prezidentske-volby-2028
2023-05-27 16:07:23.142394,MCZ30870,USA-Prezidentské volby 2024,/sazeni/politika/usa-prezidentske-volby-2024
2023-05-27 16:07:23.142394,MCZ42210,Turecko-Prezidentské volby 2023,/sazeni/politika/turecko-prezidentske-volby-2023
2023-05-28 04:07:03.410999,MCZ41358,Česko-Prezident Petr Pavel,/sazeni/politika/cesko-prezident-petr-pavel
2023-05-28 04:07:03.410999,MCZ41359,Česko-Prezidentské volby 2028,/sazeni/politika/cesko-prezidentske-volby-2028
2023-05-28 04:07:03.410999,MCZ30870,USA-Prezidentské volby 2024,/sazeni/politika/usa-prezidentske-volby-2024
2023-05-28 04:07:03.410999,MCZ42210,Turecko-Prezidentské volby 2023,/sazeni/politika/turecko-prezidentske-volby-2023
2023-05-28 16:06:55.202043,MCZ41358,Česko-Prezident Petr Pavel,/sazeni/politika/cesko-prezident-petr-pavel
2023-05-28 16:06:55.202043,MCZ41359,Česko-Prezidentské volby 2028,/sazeni/politika/cesko-prezidentske-volby-2028
2023-05-28 16:06:55.202043,MCZ30870,USA-Prezidentské volby 2024,/sazeni/politika/usa-prezidentske-volby-2024
2023-05-29 16:07:08.563783,MCZ41358,Česko-Prezident Petr Pavel,/sazeni/politika/cesko-prezident-petr-pavel
2023-05-29 16:07:08.563783,MCZ41359,Česko-Prezidentské volby 2028,/sazeni/politika/cesko-prezidentske-volby-2028
2023-05-29 16:07:08.563783,MCZ30870,USA-Prezidentské volby 2024,/sazeni/politika/usa-prezidentske-volby-2024
2023-05-30 04:07:05.933498,MCZ41358,Česko-Prezident Petr Pavel,/sazeni/politika/cesko-prezident-petr-pavel
2023-05-30 04:07:05.933498,MCZ41359,Česko-Prezidentské volby 2028,/sazeni/politika/cesko-prezidentske-volby-2028
2023-05-30 04:07:05.933498,MCZ30870,USA-Prezidentské volby 2024,/sazeni/politika/usa-prezidentske-volby-2024
2023-05-30 16:07:16.709919,MCZ41358,Česko-Prezident Petr Pavel,/sazeni/politika/cesko-prezident-petr-pavel
2023-05-30 16:07:16.709919,MCZ41359,Česko-Prezidentské volby 2028,/sazeni/politika/cesko-prezidentske-volby-2028
2023-05-30 16:07:16.709919,MCZ30870,USA-Prezidentské volby 2024,/sazeni/politika/usa-prezidentske-volby-2024
2023-05-31 04:07:08.619818,MCZ41358,Česko-Prezident Petr Pavel,/sazeni/politika/cesko-prezident-petr-pavel
2023-05-31 04:07:08.619818,MCZ41359,Česko-Prezidentské volby 2028,/sazeni/politika/cesko-prezidentske-volby-2028
2023-05-31 04:07:08.619818,MCZ30870,USA-Prezidentské volby 2024,/sazeni/politika/usa-prezidentske-volby-2024
2023-05-31 16:07:04.725035,MCZ41358,Česko-Prezident Petr Pavel,/sazeni/politika/cesko-prezident-petr-pavel
2023-05-31 16:07:04.725035,MCZ41359,Česko-Prezidentské volby 2028,/sazeni/politika/cesko-prezidentske-volby-2028
2023-05-31 16:07:04.725035,MCZ30870,USA-Prezidentské volby 2024,/sazeni/politika/usa-prezidentske-volby-2024
2023-06-01 04:07:21.424485,MCZ41358,Česko-Prezident Petr Pavel,/sazeni/politika/cesko-prezident-petr-pavel
2023-06-01 04:07:21.424485,MCZ41359,Česko-Prezidentské volby 2028,/sazeni/politika/cesko-prezidentske-volby-2028
2023-06-01 04:07:21.424485,MCZ30870,USA-Prezidentské volby 2024,/sazeni/politika/usa-prezidentske-volby-2024
2023-06-01 16:07:04.070074,MCZ41358,Česko-Prezident Petr Pavel,/sazeni/politika/cesko-prezident-petr-pavel
2023-06-01 16:07:04.070074,MCZ41359,Česko-Prezidentské volby 2028,/sazeni/politika/cesko-prezidentske-volby-2028
2023-06-01 16:07:04.070074,MCZ30870,USA-Prezidentské volby 2024,/sazeni/politika/usa-prezidentske-volby-2024
2023-06-02 04:07:19.017342,MCZ41358,Česko-Prezident Petr Pavel,/sazeni/politika/cesko-prezident-petr-pavel
2023-06-02 04:07:19.017342,MCZ41359,Česko-Prezidentské volby 2028,/sazeni/politika/cesko-prezidentske-volby-2028
2023-06-02 04:07:19.017342,MCZ30870,USA-Prezidentské volby 2024,/sazeni/politika/usa-prezidentske-volby-2024
2023-06-02 16:07:01.490385,MCZ41358,Česko-Prezident Petr Pavel,/sazeni/politika/cesko-prezident-petr-pavel
2023-06-02 16:07:01.490385,MCZ41359,Česko-Prezidentské volby 2028,/sazeni/politika/cesko-prezidentske-volby-2028
2023-06-02 16:07:01.490385,MCZ30870,USA-Prezidentské volby 2024,/sazeni/politika/usa-prezidentske-volby-2024
2023-06-03 04:07:04.427237,MCZ41358,Česko-Prezident Petr Pavel,/sazeni/politika/cesko-prezident-petr-pavel
2023-06-03 04:07:04.427237,MCZ41359,Česko-Prezidentské volby 2028,/sazeni/politika/cesko-prezidentske-volby-2028
2023-06-03 04:07:04.427237,MCZ30870,USA-Prezidentské volby 2024,/sazeni/politika/usa-prezidentske-volby-2024
2023-06-03 16:07:20.087288,MCZ41358,Česko-Prezident Petr Pavel,/sazeni/politika/cesko-prezident-petr-pavel
2023-06-03 16:07:20.087288,MCZ41359,Česko-Prezidentské volby 2028,/sazeni/politika/cesko-prezidentske-volby-2028
2023-06-03 16:07:20.087288,MCZ30870,USA-Prezidentské volby 2024,/sazeni/politika/usa-prezidentske-volby-2024
2023-06-04 04:06:59.835806,MCZ41358,Česko-Prezident Petr Pavel,/sazeni/politika/cesko-prezident-petr-pavel
2023-06-04 04:06:59.835806,MCZ41359,Česko-Prezidentské volby 2028,/sazeni/politika/cesko-prezidentske-volby-2028
2023-06-04 04:06:59.835806,MCZ30870,USA-Prezidentské volby 2024,/sazeni/politika/usa-prezidentske-volby-2024
2023-06-04 16:07:02.472055,MCZ41358,Česko-Prezident Petr Pavel,/sazeni/politika/cesko-prezident-petr-pavel
2023-06-04 16:07:02.472055,MCZ41359,Česko-Prezidentské volby 2028,/sazeni/politika/cesko-prezidentske-volby-2028
2023-06-04 16:07:02.472055,MCZ30870,USA-Prezidentské volby 2024,/sazeni/politika/usa-prezidentske-volby-2024
2023-06-05 04:07:08.800166,MCZ41358,Česko-Prezident Petr Pavel,/sazeni/politika/cesko-prezident-petr-pavel
2023-06-05 04:07:08.800166,MCZ41359,Česko-Prezidentské volby 2028,/sazeni/politika/cesko-prezidentske-volby-2028
2023-06-05 04:07:08.800166,MCZ30870,USA-Prezidentské volby 2024,/sazeni/politika/usa-prezidentske-volby-2024
2023-06-05 16:07:27.982516,MCZ41358,Česko-Prezident Petr Pavel,/sazeni/politika/cesko-prezident-petr-pavel
2023-06-05 16:07:27.982516,MCZ41359,Česko-Prezidentské volby 2028,/sazeni/politika/cesko-prezidentske-volby-2028
2023-06-05 16:07:27.982516,MCZ30870,USA-Prezidentské volby 2024,/sazeni/politika/usa-prezidentske-volby-2024
2023-06-06 04:07:00.300358,MCZ41358,Česko-Prezident Petr Pavel,/sazeni/politika/cesko-prezident-petr-pavel
2023-06-06 04:07:00.300358,MCZ41359,Česko-Prezidentské volby 2028,/sazeni/politika/cesko-prezidentske-volby-2028
2023-06-06 04:07:00.300358,MCZ30870,USA-Prezidentské volby 2024,/sazeni/politika/usa-prezidentske-volby-2024
2023-06-06 16:07:13.503251,MCZ41358,Česko-Prezident Petr Pavel,/sazeni/politika/cesko-prezident-petr-pavel
2023-06-06 16:07:13.503251,MCZ41359,Česko-Prezidentské volby 2028,/sazeni/politika/cesko-prezidentske-volby-2028
2023-06-06 16:07:13.503251,MCZ30870,USA-Prezidentské volby 2024,/sazeni/politika/usa-prezidentske-volby-2024
2023-06-07 04:07:06.073886,MCZ41358,Česko-Prezident Petr Pavel,/sazeni/politika/cesko-prezident-petr-pavel
2023-06-07 04:07:06.073886,MCZ41359,Česko-Prezidentské volby 2028,/sazeni/politika/cesko-prezidentske-volby-2028
2023-06-07 04:07:06.073886,MCZ30870,USA-Prezidentské volby 2024,/sazeni/politika/usa-prezidentske-volby-2024
2023-06-07 16:07:20.267121,MCZ41358,Česko-Prezident Petr Pavel,/sazeni/politika/cesko-prezident-petr-pavel
2023-06-07 16:07:20.267121,MCZ41359,Česko-Prezidentské volby 2028,/sazeni/politika/cesko-prezidentske-volby-2028
2023-06-07 16:07:20.267121,MCZ30870,USA-Prezidentské volby 2024,/sazeni/politika/usa-prezidentske-volby-2024
2023-06-08 04:07:24.009715,MCZ41358,Česko-Prezident Petr Pavel,/sazeni/politika/cesko-prezident-petr-pavel
2023-06-08 04:07:24.009715,MCZ41359,Česko-Prezidentské volby 2028,/sazeni/politika/cesko-prezidentske-volby-2028
2023-06-08 04:07:24.009715,MCZ30870,USA-Prezidentské volby 2024,/sazeni/politika/usa-prezidentske-volby-2024
2023-06-08 16:07:17.887791,MCZ41358,Česko-Prezident Petr Pavel,/sazeni/politika/cesko-prezident-petr-pavel
2023-06-08 16:07:17.887791,MCZ41359,Česko-Prezidentské volby 2028,/sazeni/politika/cesko-prezidentske-volby-2028
2023-06-08 16:07:17.887791,MCZ30870,USA-Prezidentské volby 2024,/sazeni/politika/usa-prezidentske-volby-2024
2023-06-09 04:07:20.726321,MCZ41358,Česko-Prezident Petr Pavel,/sazeni/politika/cesko-prezident-petr-pavel
2023-06-09 04:07:20.726321,MCZ41359,Česko-Prezidentské volby 2028,/sazeni/politika/cesko-prezidentske-volby-2028
2023-06-09 04:07:20.726321,MCZ30870,USA-Prezidentské volby 2024,/sazeni/politika/usa-prezidentske-volby-2024
2023-06-09 16:07:07.195233,MCZ41358,Česko-Prezident Petr Pavel,/sazeni/politika/cesko-prezident-petr-pavel
2023-06-09 16:07:07.195233,MCZ41359,Česko-Prezidentské volby 2028,/sazeni/politika/cesko-prezidentske-volby-2028
2023-06-09 16:07:07.195233,MCZ30870,USA-Prezidentské volby 2024,/sazeni/politika/usa-prezidentske-volby-2024
2023-06-10 04:07:13.786026,MCZ41358,Česko-Prezident Petr Pavel,/sazeni/politika/cesko-prezident-petr-pavel
2023-06-10 04:07:13.786026,MCZ41359,Česko-Prezidentské volby 2028,/sazeni/politika/cesko-prezidentske-volby-2028
2023-06-10 04:07:13.786026,MCZ30870,USA-Prezidentské volby 2024,/sazeni/politika/usa-prezidentske-volby-2024
2023-06-10 16:07:27.487500,MCZ41358,Česko-Prezident Petr Pavel,/sazeni/politika/cesko-prezident-petr-pavel
2023-06-10 16:07:27.487500,MCZ41359,Česko-Prezidentské volby 2028,/sazeni/politika/cesko-prezidentske-volby-2028
2023-06-10 16:07:27.487500,MCZ30870,USA-Prezidentské volby 2024,/sazeni/politika/usa-prezidentske-volby-2024
2023-06-11 04:07:09.131148,MCZ41358,Česko-Prezident Petr Pavel,/sazeni/politika/cesko-prezident-petr-pavel
2023-06-11 04:07:09.131148,MCZ41359,Česko-Prezidentské volby 2028,/sazeni/politika/cesko-prezidentske-volby-2028
2023-06-11 04:07:09.131148,MCZ30870,USA-Prezidentské volby 2024,/sazeni/politika/usa-prezidentske-volby-2024
2023-06-11 16:07:06.426289,MCZ41358,Česko-Prezident Petr Pavel,/sazeni/politika/cesko-prezident-petr-pavel
2023-06-11 16:07:06.426289,MCZ41359,Česko-Prezidentské volby 2028,/sazeni/politika/cesko-prezidentske-volby-2028
2023-06-11 16:07:06.426289,MCZ30870,USA-Prezidentské volby 2024,/sazeni/politika/usa-prezidentske-volby-2024
2023-06-12 04:07:11.264353,MCZ41358,Česko-Prezident Petr Pavel,/sazeni/politika/cesko-prezident-petr-pavel
2023-06-12 04:07:11.264353,MCZ41359,Česko-Prezidentské volby 2028,/sazeni/politika/cesko-prezidentske-volby-2028
2023-06-12 04:07:11.264353,MCZ30870,USA-Prezidentské volby 2024,/sazeni/politika/usa-prezidentske-volby-2024
2023-06-12 16:07:08.593276,MCZ41358,Česko-Prezident Petr Pavel,/sazeni/politika/cesko-prezident-petr-pavel
2023-06-12 16:07:08.593276,MCZ41359,Česko-Prezidentské volby 2028,/sazeni/politika/cesko-prezidentske-volby-2028
2023-06-12 16:07:08.593276,MCZ30870,USA-Prezidentské volby 2024,/sazeni/politika/usa-prezidentske-volby-2024
2023-06-13 04:07:20.924099,MCZ41358,Česko-Prezident Petr Pavel,/sazeni/politika/cesko-prezident-petr-pavel
2023-06-13 04:07:20.924099,MCZ41359,Česko-Prezidentské volby 2028,/sazeni/politika/cesko-prezidentske-volby-2028
2023-06-13 04:07:20.924099,MCZ30870,USA-Prezidentské volby 2024,/sazeni/politika/usa-prezidentske-volby-2024
2023-06-13 16:07:15.134376,MCZ41358,Česko-Prezident Petr Pavel,/sazeni/politika/cesko-prezident-petr-pavel
2023-06-13 16:07:15.134376,MCZ41359,Česko-Prezidentské volby 2028,/sazeni/politika/cesko-prezidentske-volby-2028
2023-06-13 16:07:15.134376,MCZ30870,USA-Prezidentské volby 2024,/sazeni/politika/usa-prezidentske-volby-2024
2023-06-14 04:07:25.764075,MCZ41358,Česko-Prezident Petr Pavel,/sazeni/politika/cesko-prezident-petr-pavel
2023-06-14 04:07:25.764075,MCZ41359,Česko-Prezidentské volby 2028,/sazeni/politika/cesko-prezidentske-volby-2028
2023-06-14 04:07:25.764075,MCZ30870,USA-Prezidentské volby 2024,/sazeni/politika/usa-prezidentske-volby-2024
2023-06-14 16:07:25.135442,MCZ41358,Česko-Prezident Petr Pavel,/sazeni/politika/cesko-prezident-petr-pavel
2023-06-14 16:07:25.135442,MCZ41359,Česko-Prezidentské volby 2028,/sazeni/politika/cesko-prezidentske-volby-2028
2023-06-14 16:07:25.135442,MCZ30870,USA-Prezidentské volby 2024,/sazeni/politika/usa-prezidentske-volby-2024
2023-06-15 04:07:19.495132,MCZ41358,Česko-Prezident Petr Pavel,/sazeni/politika/cesko-prezident-petr-pavel
2023-06-15 04:07:19.495132,MCZ41359,Česko-Prezidentské volby 2028,/sazeni/politika/cesko-prezidentske-volby-2028
2023-06-15 04:07:19.495132,MCZ30870,USA-Prezidentské volby 2024,/sazeni/politika/usa-prezidentske-volby-2024
2023-06-15 16:07:07.681124,MCZ41358,Česko-Prezident Petr Pavel,/sazeni/politika/cesko-prezident-petr-pavel
2023-06-15 16:07:07.681124,MCZ41359,Česko-Prezidentské volby 2028,/sazeni/politika/cesko-prezidentske-volby-2028
2023-06-15 16:07:07.681124,MCZ30870,USA-Prezidentské volby 2024,/sazeni/politika/usa-prezidentske-volby-2024
2023-06-16 04:07:18.776688,MCZ41358,Česko-Prezident Petr Pavel,/sazeni/politika/cesko-prezident-petr-pavel
2023-06-16 04:07:18.776688,MCZ41359,Česko-Prezidentské volby 2028,/sazeni/politika/cesko-prezidentske-volby-2028
2023-06-16 04:07:18.776688,MCZ30870,USA-Prezidentské volby 2024,/sazeni/politika/usa-prezidentske-volby-2024
2023-06-16 16:07:13.016121,MCZ41358,Česko-Prezident Petr Pavel,/sazeni/politika/cesko-prezident-petr-pavel
2023-06-16 16:07:13.016121,MCZ41359,Česko-Prezidentské volby 2028,/sazeni/politika/cesko-prezidentske-volby-2028
2023-06-16 16:07:13.016121,MCZ30870,USA-Prezidentské volby 2024,/sazeni/politika/usa-prezidentske-volby-2024
2023-06-17 04:07:08.879880,MCZ41358,Česko-Prezident Petr Pavel,/sazeni/politika/cesko-prezident-petr-pavel
2023-06-17 04:07:08.879880,MCZ41359,Česko-Prezidentské volby 2028,/sazeni/politika/cesko-prezidentske-volby-2028
2023-06-17 04:07:08.879880,MCZ30870,USA-Prezidentské volby 2024,/sazeni/politika/usa-prezidentske-volby-2024
2023-06-17 16:07:02.973261,MCZ41358,Česko-Prezident Petr Pavel,/sazeni/politika/cesko-prezident-petr-pavel
2023-06-17 16:07:02.973261,MCZ41359,Česko-Prezidentské volby 2028,/sazeni/politika/cesko-prezidentske-volby-2028
2023-06-17 16:07:02.973261,MCZ30870,USA-Prezidentské volby 2024,/sazeni/politika/usa-prezidentske-volby-2024
2023-06-18 04:07:10.421129,MCZ41358,Česko-Prezident Petr Pavel,/sazeni/politika/cesko-prezident-petr-pavel
2023-06-18 04:07:10.421129,MCZ41359,Česko-Prezidentské volby 2028,/sazeni/politika/cesko-prezidentske-volby-2028
2023-06-18 04:07:10.421129,MCZ30870,USA-Prezidentské volby 2024,/sazeni/politika/usa-prezidentske-volby-2024
2023-06-18 16:07:18.530966,MCZ41358,Česko-Prezident Petr Pavel,/sazeni/politika/cesko-prezident-petr-pavel
2023-06-18 16:07:18.530966,MCZ41359,Česko-Prezidentské volby 2028,/sazeni/politika/cesko-prezidentske-volby-2028
2023-06-18 16:07:18.530966,MCZ30870,USA-Prezidentské volby 2024,/sazeni/politika/usa-prezidentske-volby-2024
2023-06-19 04:07:16.539659,MCZ41358,Česko-Prezident Petr Pavel,/sazeni/politika/cesko-prezident-petr-pavel
2023-06-19 04:07:16.539659,MCZ41359,Česko-Prezidentské volby 2028,/sazeni/politika/cesko-prezidentske-volby-2028
2023-06-19 04:07:16.539659,MCZ30870,USA-Prezidentské volby 2024,/sazeni/politika/usa-prezidentske-volby-2024
2023-06-19 16:07:12.121297,MCZ41358,Česko-Prezident Petr Pavel,/sazeni/politika/cesko-prezident-petr-pavel
2023-06-19 16:07:12.121297,MCZ41359,Česko-Prezidentské volby 2028,/sazeni/politika/cesko-prezidentske-volby-2028
2023-06-19 16:07:12.121297,MCZ30870,USA-Prezidentské volby 2024,/sazeni/politika/usa-prezidentske-volby-2024
2023-06-20 04:07:05.012184,MCZ41358,Česko-Prezident Petr Pavel,/sazeni/politika/cesko-prezident-petr-pavel
2023-06-20 04:07:05.012184,MCZ41359,Česko-Prezidentské volby 2028,/sazeni/politika/cesko-prezidentske-volby-2028
2023-06-20 04:07:05.012184,MCZ30870,USA-Prezidentské volby 2024,/sazeni/politika/usa-prezidentske-volby-2024
2023-06-20 16:07:17.489639,MCZ41358,Česko-Prezident Petr Pavel,/sazeni/politika/cesko-prezident-petr-pavel
2023-06-20 16:07:17.489639,MCZ41359,Česko-Prezidentské volby 2028,/sazeni/politika/cesko-prezidentske-volby-2028
2023-06-20 16:07:17.489639,MCZ30870,USA-Prezidentské volby 2024,/sazeni/politika/usa-prezidentske-volby-2024
2023-06-21 04:07:25.114435,MCZ41358,Česko-Prezident Petr Pavel,/sazeni/politika/cesko-prezident-petr-pavel
2023-06-21 04:07:25.114435,MCZ41359,Česko-Prezidentské volby 2028,/sazeni/politika/cesko-prezidentske-volby-2028
2023-06-21 04:07:25.114435,MCZ30870,USA-Prezidentské volby 2024,/sazeni/politika/usa-prezidentske-volby-2024
2023-06-21 16:07:13.333597,MCZ42589,Slovensko-Prezidentské volby 2024,/sazeni/politika/slovensko-prezidentske-volby-2024
2023-06-21 16:07:13.333597,MCZ30870,USA-Prezidentské volby 2024,/sazeni/politika/usa-prezidentske-volby-2024
2023-06-21 16:07:13.333597,MCZ41359,Česko-Prezidentské volby 2028,/sazeni/politika/cesko-prezidentske-volby-2028
2023-06-21 16:07:13.333597,MCZ41358,Česko-Prezident Petr Pavel,/sazeni/politika/cesko-prezident-petr-pavel
2023-06-22 04:07:18.649580,MCZ42589,Slovensko-Prezidentské volby 2024,/sazeni/politika/slovensko-prezidentske-volby-2024
2023-06-22 04:07:18.649580,MCZ30870,USA-Prezidentské volby 2024,/sazeni/politika/usa-prezidentske-volby-2024
2023-06-22 04:07:18.649580,MCZ41359,Česko-Prezidentské volby 2028,/sazeni/politika/cesko-prezidentske-volby-2028
2023-06-22 04:07:18.649580,MCZ41358,Česko-Prezident Petr Pavel,/sazeni/politika/cesko-prezident-petr-pavel
2023-06-22 16:07:06.600510,MCZ42589,Slovensko-Prezidentské volby 2024,/sazeni/politika/slovensko-prezidentske-volby-2024
2023-06-22 16:07:06.600510,MCZ30870,USA-Prezidentské volby 2024,/sazeni/politika/usa-prezidentske-volby-2024
2023-06-22 16:07:06.600510,MCZ41359,Česko-Prezidentské volby 2028,/sazeni/politika/cesko-prezidentske-volby-2028
2023-06-22 16:07:06.600510,MCZ41358,Česko-Prezident Petr Pavel,/sazeni/politika/cesko-prezident-petr-pavel
2023-06-23 04:07:34.158361,MCZ42589,Slovensko-Prezidentské volby 2024,/sazeni/politika/slovensko-prezidentske-volby-2024
2023-06-23 04:07:34.158361,MCZ30870,USA-Prezidentské volby 2024,/sazeni/politika/usa-prezidentske-volby-2024
2023-06-23 04:07:34.158361,MCZ41359,Česko-Prezidentské volby 2028,/sazeni/politika/cesko-prezidentske-volby-2028
2023-06-23 04:07:34.158361,MCZ41358,Česko-Prezident Petr Pavel,/sazeni/politika/cesko-prezident-petr-pavel
2023-06-23 16:07:16.233407,MCZ42589,Slovensko-Prezidentské volby 2024,/sazeni/politika/slovensko-prezidentske-volby-2024
2023-06-23 16:07:16.233407,MCZ30870,USA-Prezidentské volby 2024,/sazeni/politika/usa-prezidentske-volby-2024
2023-06-23 16:07:16.233407,MCZ41359,Česko-Prezidentské volby 2028,/sazeni/politika/cesko-prezidentske-volby-2028
2023-06-23 16:07:16.233407,MCZ41358,Česko-Prezident Petr Pavel,/sazeni/politika/cesko-prezident-petr-pavel
2023-06-24 04:07:31.082113,MCZ42589,Slovensko-Prezidentské volby 2024,/sazeni/politika/slovensko-prezidentske-volby-2024
2023-06-24 04:07:31.082113,MCZ30870,USA-Prezidentské volby 2024,/sazeni/politika/usa-prezidentske-volby-2024
2023-06-24 04:07:31.082113,MCZ41359,Česko-Prezidentské volby 2028,/sazeni/politika/cesko-prezidentske-volby-2028
2023-06-24 04:07:31.082113,MCZ41358,Česko-Prezident Petr Pavel,/sazeni/politika/cesko-prezident-petr-pavel
2023-06-24 16:07:29.384610,MCZ42589,Slovensko-Prezidentské volby 2024,/sazeni/politika/slovensko-prezidentske-volby-2024
2023-06-24 16:07:29.384610,MCZ30870,USA-Prezidentské volby 2024,/sazeni/politika/usa-prezidentske-volby-2024
2023-06-24 16:07:29.384610,MCZ41359,Česko-Prezidentské volby 2028,/sazeni/politika/cesko-prezidentske-volby-2028
2023-06-24 16:07:29.384610,MCZ41358,Česko-Prezident Petr Pavel,/sazeni/politika/cesko-prezident-petr-pavel
2023-06-25 04:07:13.629058,MCZ42589,Slovensko-Prezidentské volby 2024,/sazeni/politika/slovensko-prezidentske-volby-2024
2023-06-25 04:07:13.629058,MCZ30870,USA-Prezidentské volby 2024,/sazeni/politika/usa-prezidentske-volby-2024
2023-06-25 04:07:13.629058,MCZ41359,Česko-Prezidentské volby 2028,/sazeni/politika/cesko-prezidentske-volby-2028
2023-06-25 04:07:13.629058,MCZ41358,Česko-Prezident Petr Pavel,/sazeni/politika/cesko-prezident-petr-pavel
2023-06-25 16:07:08.870968,MCZ42589,Slovensko-Prezidentské volby 2024,/sazeni/politika/slovensko-prezidentske-volby-2024
2023-06-25 16:07:08.870968,MCZ30870,USA-Prezidentské volby 2024,/sazeni/politika/usa-prezidentske-volby-2024
2023-06-25 16:07:08.870968,MCZ41359,Česko-Prezidentské volby 2028,/sazeni/politika/cesko-prezidentske-volby-2028
2023-06-25 16:07:08.870968,MCZ41358,Česko-Prezident Petr Pavel,/sazeni/politika/cesko-prezident-petr-pavel
2023-06-26 16:07:24.010438,MCZ42589,Slovensko-Prezidentské volby 2024,/sazeni/politika/slovensko-prezidentske-volby-2024
2023-06-26 16:07:24.010438,MCZ30870,USA-Prezidentské volby 2024,/sazeni/politika/usa-prezidentske-volby-2024
2023-06-26 16:07:24.010438,MCZ41359,Česko-Prezidentské volby 2028,/sazeni/politika/cesko-prezidentske-volby-2028
2023-06-26 16:07:24.010438,MCZ41358,Česko-Prezident Petr Pavel,/sazeni/politika/cesko-prezident-petr-pavel
2023-06-27 04:07:25.570451,MCZ42589,Slovensko-Prezidentské volby 2024,/sazeni/politika/slovensko-prezidentske-volby-2024
2023-06-27 04:07:25.570451,MCZ30870,USA-Prezidentské volby 2024,/sazeni/politika/usa-prezidentske-volby-2024
2023-06-27 04:07:25.570451,MCZ41359,Česko-Prezidentské volby 2028,/sazeni/politika/cesko-prezidentske-volby-2028
2023-06-27 04:07:25.570451,MCZ41358,Česko-Prezident Petr Pavel,/sazeni/politika/cesko-prezident-petr-pavel
2023-06-27 16:07:40.020858,MCZ42589,Slovensko-Prezidentské volby 2024,/sazeni/politika/slovensko-prezidentske-volby-2024
2023-06-27 16:07:40.020858,MCZ30870,USA-Prezidentské volby 2024,/sazeni/politika/usa-prezidentske-volby-2024
2023-06-27 16:07:40.020858,MCZ41359,Česko-Prezidentské volby 2028,/sazeni/politika/cesko-prezidentske-volby-2028
2023-06-27 16:07:40.020858,MCZ41358,Česko-Prezident Petr Pavel,/sazeni/politika/cesko-prezident-petr-pavel
2023-06-28 04:07:22.638496,MCZ42589,Slovensko-Prezidentské volby 2024,/sazeni/politika/slovensko-prezidentske-volby-2024
2023-06-28 04:07:22.638496,MCZ30870,USA-Prezidentské volby 2024,/sazeni/politika/usa-prezidentske-volby-2024
2023-06-28 04:07:22.638496,MCZ41359,Česko-Prezidentské volby 2028,/sazeni/politika/cesko-prezidentske-volby-2028
2023-06-28 04:07:22.638496,MCZ41358,Česko-Prezident Petr Pavel,/sazeni/politika/cesko-prezident-petr-pavel
2023-06-28 16:07:12.656131,MCZ42589,Slovensko-Prezidentské volby 2024,/sazeni/politika/slovensko-prezidentske-volby-2024
2023-06-28 16:07:12.656131,MCZ30870,USA-Prezidentské volby 2024,/sazeni/politika/usa-prezidentske-volby-2024
2023-06-28 16:07:12.656131,MCZ41359,Česko-Prezidentské volby 2028,/sazeni/politika/cesko-prezidentske-volby-2028
2023-06-28 16:07:12.656131,MCZ41358,Česko-Prezident Petr Pavel,/sazeni/politika/cesko-prezident-petr-pavel
2023-06-29 04:07:17.130564,MCZ42589,Slovensko-Prezidentské volby 2024,/sazeni/politika/slovensko-prezidentske-volby-2024
2023-06-29 04:07:17.130564,MCZ30870,USA-Prezidentské volby 2024,/sazeni/politika/usa-prezidentske-volby-2024
2023-06-29 04:07:17.130564,MCZ41359,Česko-Prezidentské volby 2028,/sazeni/politika/cesko-prezidentske-volby-2028
2023-06-29 04:07:17.130564,MCZ41358,Česko-Prezident Petr Pavel,/sazeni/politika/cesko-prezident-petr-pavel
2023-06-29 16:07:17.554918,MCZ42589,Slovensko-Prezidentské volby 2024,/sazeni/politika/slovensko-prezidentske-volby-2024
2023-06-29 16:07:17.554918,MCZ30870,USA-Prezidentské volby 2024,/sazeni/politika/usa-prezidentske-volby-2024
2023-06-29 16:07:17.554918,MCZ41359,Česko-Prezidentské volby 2028,/sazeni/politika/cesko-prezidentske-volby-2028
2023-06-29 16:07:17.554918,MCZ41358,Česko-Prezident Petr Pavel,/sazeni/politika/cesko-prezident-petr-pavel
2023-06-30 04:07:12.505267,MCZ42589,Slovensko-Prezidentské volby 2024,/sazeni/politika/slovensko-prezidentske-volby-2024
2023-06-30 04:07:12.505267,MCZ30870,USA-Prezidentské volby 2024,/sazeni/politika/usa-prezidentske-volby-2024
2023-06-30 04:07:12.505267,MCZ41359,Česko-Prezidentské volby 2028,/sazeni/politika/cesko-prezidentske-volby-2028
2023-06-30 04:07:12.505267,MCZ41358,Česko-Prezident Petr Pavel,/sazeni/politika/cesko-prezident-petr-pavel
2023-06-30 16:07:14.110364,MCZ42589,Slovensko-Prezidentské volby 2024,/sazeni/politika/slovensko-prezidentske-volby-2024
2023-06-30 16:07:14.110364,MCZ30870,USA-Prezidentské volby 2024,/sazeni/politika/usa-prezidentske-volby-2024
2023-06-30 16:07:14.110364,MCZ41359,Česko-Prezidentské volby 2028,/sazeni/politika/cesko-prezidentske-volby-2028
2023-06-30 16:07:14.110364,MCZ41358,Česko-Prezident Petr Pavel,/sazeni/politika/cesko-prezident-petr-pavel
2023-07-01 04:07:04.595827,MCZ42589,Slovensko-Prezidentské volby 2024,/sazeni/politika/slovensko-prezidentske-volby-2024
2023-07-01 04:07:04.595827,MCZ30870,USA-Prezidentské volby 2024,/sazeni/politika/usa-prezidentske-volby-2024
2023-07-01 04:07:04.595827,MCZ41359,Česko-Prezidentské volby 2028,/sazeni/politika/cesko-prezidentske-volby-2028
2023-07-01 04:07:04.595827,MCZ41358,Česko-Prezident Petr Pavel,/sazeni/politika/cesko-prezident-petr-pavel
2023-07-01 16:06:59.173575,MCZ42589,Slovensko-Prezidentské volby 2024,/sazeni/politika/slovensko-prezidentske-volby-2024
2023-07-01 16:06:59.173575,MCZ30870,USA-Prezidentské volby 2024,/sazeni/politika/usa-prezidentske-volby-2024
2023-07-01 16:06:59.173575,MCZ41359,Česko-Prezidentské volby 2028,/sazeni/politika/cesko-prezidentske-volby-2028
2023-07-01 16:06:59.173575,MCZ41358,Česko-Prezident Petr Pavel,/sazeni/politika/cesko-prezident-petr-pavel
2023-07-02 04:07:08.058483,MCZ42589,Slovensko-Prezidentské volby 2024,/sazeni/politika/slovensko-prezidentske-volby-2024
2023-07-02 04:07:08.058483,MCZ30870,USA-Prezidentské volby 2024,/sazeni/politika/usa-prezidentske-volby-2024
2023-07-02 04:07:08.058483,MCZ41359,Česko-Prezidentské volby 2028,/sazeni/politika/cesko-prezidentske-volby-2028
2023-07-02 04:07:08.058483,MCZ41358,Česko-Prezident Petr Pavel,/sazeni/politika/cesko-prezident-petr-pavel
2023-07-02 16:07:10.123654,MCZ42589,Slovensko-Prezidentské volby 2024,/sazeni/politika/slovensko-prezidentske-volby-2024
2023-07-02 16:07:10.123654,MCZ30870,USA-Prezidentské volby 2024,/sazeni/politika/usa-prezidentske-volby-2024
2023-07-02 16:07:10.123654,MCZ41359,Česko-Prezidentské volby 2028,/sazeni/politika/cesko-prezidentske-volby-2028
2023-07-02 16:07:10.123654,MCZ41358,Česko-Prezident Petr Pavel,/sazeni/politika/cesko-prezident-petr-pavel
2023-07-03 04:07:18.911319,MCZ42589,Slovensko-Prezidentské volby 2024,/sazeni/politika/slovensko-prezidentske-volby-2024
2023-07-03 04:07:18.911319,MCZ30870,USA-Prezidentské volby 2024,/sazeni/politika/usa-prezidentske-volby-2024
2023-07-03 04:07:18.911319,MCZ41359,Česko-Prezidentské volby 2028,/sazeni/politika/cesko-prezidentske-volby-2028
2023-07-03 04:07:18.911319,MCZ41358,Česko-Prezident Petr Pavel,/sazeni/politika/cesko-prezident-petr-pavel
2023-07-03 16:07:14.231917,MCZ42589,Slovensko-Prezidentské volby 2024,/sazeni/politika/slovensko-prezidentske-volby-2024
2023-07-03 16:07:14.231917,MCZ30870,USA-Prezidentské volby 2024,/sazeni/politika/usa-prezidentske-volby-2024
2023-07-03 16:07:14.231917,MCZ41359,Česko-Prezidentské volby 2028,/sazeni/politika/cesko-prezidentske-volby-2028
2023-07-03 16:07:14.231917,MCZ41358,Česko-Prezident Petr Pavel,/sazeni/politika/cesko-prezident-petr-pavel
2023-07-04 04:07:18.369469,MCZ42589,Slovensko-Prezidentské volby 2024,/sazeni/politika/slovensko-prezidentske-volby-2024
2023-07-04 04:07:18.369469,MCZ30870,USA-Prezidentské volby 2024,/sazeni/politika/usa-prezidentske-volby-2024
2023-07-04 04:07:18.369469,MCZ41359,Česko-Prezidentské volby 2028,/sazeni/politika/cesko-prezidentske-volby-2028
2023-07-04 04:07:18.369469,MCZ41358,Česko-Prezident Petr Pavel,/sazeni/politika/cesko-prezident-petr-pavel
2023-07-04 16:07:25.129373,MCZ42589,Slovensko-Prezidentské volby 2024,/sazeni/politika/slovensko-prezidentske-volby-2024
2023-07-04 16:07:25.129373,MCZ30870,USA-Prezidentské volby 2024,/sazeni/politika/usa-prezidentske-volby-2024
2023-07-04 16:07:25.129373,MCZ41359,Česko-Prezidentské volby 2028,/sazeni/politika/cesko-prezidentske-volby-2028
2023-07-04 16:07:25.129373,MCZ41358,Česko-Prezident Petr Pavel,/sazeni/politika/cesko-prezident-petr-pavel
2023-07-05 04:07:36.387168,MCZ42589,Slovensko-Prezidentské volby 2024,/sazeni/politika/slovensko-prezidentske-volby-2024
2023-07-05 04:07:36.387168,MCZ30870,USA-Prezidentské volby 2024,/sazeni/politika/usa-prezidentske-volby-2024
2023-07-05 04:07:36.387168,MCZ41359,Česko-Prezidentské volby 2028,/sazeni/politika/cesko-prezidentske-volby-2028
2023-07-05 04:07:36.387168,MCZ41358,Česko-Prezident Petr Pavel,/sazeni/politika/cesko-prezident-petr-pavel
2023-07-05 16:07:37.237645,MCZ42589,Slovensko-Prezidentské volby 2024,/sazeni/politika/slovensko-prezidentske-volby-2024
2023-07-05 16:07:37.237645,MCZ30870,USA-Prezidentské volby 2024,/sazeni/politika/usa-prezidentske-volby-2024
2023-07-05 16:07:37.237645,MCZ41359,Česko-Prezidentské volby 2028,/sazeni/politika/cesko-prezidentske-volby-2028
2023-07-05 16:07:37.237645,MCZ41358,Česko-Prezident Petr Pavel,/sazeni/politika/cesko-prezident-petr-pavel
2023-07-06 04:07:22.421006,MCZ42589,Slovensko-Prezidentské volby 2024,/sazeni/politika/slovensko-prezidentske-volby-2024
2023-07-06 04:07:22.421006,MCZ30870,USA-Prezidentské volby 2024,/sazeni/politika/usa-prezidentske-volby-2024
2023-07-06 04:07:22.421006,MCZ41359,Česko-Prezidentské volby 2028,/sazeni/politika/cesko-prezidentske-volby-2028
2023-07-06 04:07:22.421006,MCZ41358,Česko-Prezident Petr Pavel,/sazeni/politika/cesko-prezident-petr-pavel
2023-07-06 16:07:37.302521,MCZ42589,Slovensko-Prezidentské volby 2024,/sazeni/politika/slovensko-prezidentske-volby-2024
2023-07-06 16:07:37.302521,MCZ30870,USA-Prezidentské volby 2024,/sazeni/politika/usa-prezidentske-volby-2024
2023-07-06 16:07:37.302521,MCZ41359,Česko-Prezidentské volby 2028,/sazeni/politika/cesko-prezidentske-volby-2028
2023-07-06 16:07:37.302521,MCZ41358,Česko-Prezident Petr Pavel,/sazeni/politika/cesko-prezident-petr-pavel
2023-07-07 04:07:26.352101,MCZ42589,Slovensko-Prezidentské volby 2024,/sazeni/politika/slovensko-prezidentske-volby-2024
2023-07-07 04:07:26.352101,MCZ30870,USA-Prezidentské volby 2024,/sazeni/politika/usa-prezidentske-volby-2024
2023-07-07 04:07:26.352101,MCZ41359,Česko-Prezidentské volby 2028,/sazeni/politika/cesko-prezidentske-volby-2028
2023-07-07 04:07:26.352101,MCZ41358,Česko-Prezident Petr Pavel,/sazeni/politika/cesko-prezident-petr-pavel
2023-07-07 16:07:17.399678,MCZ42589,Slovensko-Prezidentské volby 2024,/sazeni/politika/slovensko-prezidentske-volby-2024
2023-07-07 16:07:17.399678,MCZ30870,USA-Prezidentské volby 2024,/sazeni/politika/usa-prezidentske-volby-2024
2023-07-07 16:07:17.399678,MCZ41359,Česko-Prezidentské volby 2028,/sazeni/politika/cesko-prezidentske-volby-2028
2023-07-07 16:07:17.399678,MCZ41358,Česko-Prezident Petr Pavel,/sazeni/politika/cesko-prezident-petr-pavel
2023-07-08 04:07:18.186295,MCZ42589,Slovensko-Prezidentské volby 2024,/sazeni/politika/slovensko-prezidentske-volby-2024
2023-07-08 04:07:18.186295,MCZ30870,USA-Prezidentské volby 2024,/sazeni/politika/usa-prezidentske-volby-2024
2023-07-08 04:07:18.186295,MCZ41359,Česko-Prezidentské volby 2028,/sazeni/politika/cesko-prezidentske-volby-2028
2023-07-08 04:07:18.186295,MCZ41358,Česko-Prezident Petr Pavel,/sazeni/politika/cesko-prezident-petr-pavel
2023-07-08 16:07:13.822647,MCZ42589,Slovensko-Prezidentské volby 2024,/sazeni/politika/slovensko-prezidentske-volby-2024
2023-07-08 16:07:13.822647,MCZ30870,USA-Prezidentské volby 2024,/sazeni/politika/usa-prezidentske-volby-2024
2023-07-08 16:07:13.822647,MCZ41359,Česko-Prezidentské volby 2028,/sazeni/politika/cesko-prezidentske-volby-2028
2023-07-08 16:07:13.822647,MCZ41358,Česko-Prezident Petr Pavel,/sazeni/politika/cesko-prezident-petr-pavel
2023-07-09 04:07:24.436953,MCZ42589,Slovensko-Prezidentské volby 2024,/sazeni/politika/slovensko-prezidentske-volby-2024
2023-07-09 04:07:24.436953,MCZ30870,USA-Prezidentské volby 2024,/sazeni/politika/usa-prezidentske-volby-2024
2023-07-09 04:07:24.436953,MCZ41359,Česko-Prezidentské volby 2028,/sazeni/politika/cesko-prezidentske-volby-2028
2023-07-09 04:07:24.436953,MCZ41358,Česko-Prezident Petr Pavel,/sazeni/politika/cesko-prezident-petr-pavel
2023-07-09 16:07:11.448368,MCZ42589,Slovensko-Prezidentské volby 2024,/sazeni/politika/slovensko-prezidentske-volby-2024
2023-07-09 16:07:11.448368,MCZ30870,USA-Prezidentské volby 2024,/sazeni/politika/usa-prezidentske-volby-2024
2023-07-09 16:07:11.448368,MCZ41359,Česko-Prezidentské volby 2028,/sazeni/politika/cesko-prezidentske-volby-2028
2023-07-09 16:07:11.448368,MCZ41358,Česko-Prezident Petr Pavel,/sazeni/politika/cesko-prezident-petr-pavel
2023-07-10 04:07:18.560351,MCZ42589,Slovensko-Prezidentské volby 2024,/sazeni/politika/slovensko-prezidentske-volby-2024
2023-07-10 04:07:18.560351,MCZ30870,USA-Prezidentské volby 2024,/sazeni/politika/usa-prezidentske-volby-2024
2023-07-10 04:07:18.560351,MCZ41359,Česko-Prezidentské volby 2028,/sazeni/politika/cesko-prezidentske-volby-2028
2023-07-10 04:07:18.560351,MCZ41358,Česko-Prezident Petr Pavel,/sazeni/politika/cesko-prezident-petr-pavel
2023-07-10 16:07:21.006084,MCZ42589,Slovensko-Prezidentské volby 2024,/sazeni/politika/slovensko-prezidentske-volby-2024
2023-07-10 16:07:21.006084,MCZ30870,USA-Prezidentské volby 2024,/sazeni/politika/usa-prezidentske-volby-2024
2023-07-10 16:07:21.006084,MCZ41359,Česko-Prezidentské volby 2028,/sazeni/politika/cesko-prezidentske-volby-2028
2023-07-10 16:07:21.006084,MCZ41358,Česko-Prezident Petr Pavel,/sazeni/politika/cesko-prezident-petr-pavel
2023-07-11 04:07:15.434216,MCZ42589,Slovensko-Prezidentské volby 2024,/sazeni/politika/slovensko-prezidentske-volby-2024
2023-07-11 04:07:15.434216,MCZ30870,USA-Prezidentské volby 2024,/sazeni/politika/usa-prezidentske-volby-2024
2023-07-11 04:07:15.434216,MCZ41359,Česko-Prezidentské volby 2028,/sazeni/politika/cesko-prezidentske-volby-2028
2023-07-11 04:07:15.434216,MCZ41358,Česko-Prezident Petr Pavel,/sazeni/politika/cesko-prezident-petr-pavel
2023-07-11 04:07:19.804930,MSK42254,Slovensko-Predčasné parlamentné voľby 2023,/stavkovanie/politika/slovensko-predcasne-parlamentne-volby-2023
2023-07-11 04:07:19.804930,MSK42589,Slovensko - Prezidentské voľby 2024,/stavkovanie/politika/slovensko-prezidentske-volby-2024
2023-07-11 04:07:19.804930,MSK30870,Prezidentské voľby USA 2024,/stavkovanie/politika/prezidentske-volby-usa-2024
