date,event_info_number,event_name,event_link,odds,datum,odds1,odds2
2025-09-22 02:25:34.505135,15655,ANO 2011,/sazeni/politika/cesko-volby-do-ps-2025-pardubicky-kraj/ano-2011-MCZ192196838,,04.10. 14:00,1.03,7.13
2025-09-22 02:25:34.505135,15703,SPOLU,/sazeni/politika/cesko-volby-do-ps-2025-pardubicky-kraj/spolu-MCZ192196840,,04.10. 14:00,7.5,1.02
2025-09-22 02:25:34.505135,15707,SPD,/sazeni/politika/cesko-volby-do-ps-2025-pardubicky-kraj/spd-MCZ192196842,,04.10. 14:00,30.0,-1.0
2025-09-22 02:25:34.505135,15771,STAN,/sazeni/politika/cesko-volby-do-ps-2025-pardubicky-kraj/stan-MCZ192196843,,04.10. 14:00,75.0,-1.0
2025-09-22 02:25:34.505135,15803,Stačilo!,/sazeni/politika/cesko-volby-do-ps-2025-pardubicky-kraj/stacilo--MCZ192196853,,04.10. 14:00,75.0,-1.0
2025-09-22 02:25:34.505135,15804,Piráti,/sazeni/politika/cesko-volby-do-ps-2025-pardubicky-kraj/pirati-MCZ192196856,,04.10. 14:00,125.0,-1.0
2025-09-22 02:25:34.505135,15809,Motoristé sobě,/sazeni/politika/cesko-volby-do-ps-2025-pardubicky-kraj/motoriste-sobe-MCZ192196870,,04.10. 14:00,200.0,-1.0
2025-09-22 02:25:34.505135,15873,Přísaha,/sazeni/politika/cesko-volby-do-ps-2025-pardubicky-kraj/prisaha-MCZ192196871,,04.10. 14:00,500.0,-1.0
2025-09-22 01:14:21.275997,15655,ANO 2011,/sazeni/politika/cesko-volby-do-ps-2025-pardubicky-kraj/ano-2011-MCZ192196838,,04.10. 14:00,1.03,7.13
2025-09-22 01:14:21.275997,15703,SPOLU,/sazeni/politika/cesko-volby-do-ps-2025-pardubicky-kraj/spolu-MCZ192196840,,04.10. 14:00,7.5,1.02
2025-09-22 01:14:21.275997,15707,SPD,/sazeni/politika/cesko-volby-do-ps-2025-pardubicky-kraj/spd-MCZ192196842,,04.10. 14:00,30.0,-1.0
2025-09-22 01:14:21.275997,15771,STAN,/sazeni/politika/cesko-volby-do-ps-2025-pardubicky-kraj/stan-MCZ192196843,,04.10. 14:00,75.0,-1.0
2025-09-22 01:14:21.275997,15803,Stačilo!,/sazeni/politika/cesko-volby-do-ps-2025-pardubicky-kraj/stacilo--MCZ192196853,,04.10. 14:00,75.0,-1.0
2025-09-22 01:14:21.275997,15804,Piráti,/sazeni/politika/cesko-volby-do-ps-2025-pardubicky-kraj/pirati-MCZ192196856,,04.10. 14:00,125.0,-1.0
2025-09-22 01:14:21.275997,15809,Motoristé sobě,/sazeni/politika/cesko-volby-do-ps-2025-pardubicky-kraj/motoriste-sobe-MCZ192196870,,04.10. 14:00,200.0,-1.0
2025-09-22 01:14:21.275997,15873,Přísaha,/sazeni/politika/cesko-volby-do-ps-2025-pardubicky-kraj/prisaha-MCZ192196871,,04.10. 14:00,500.0,-1.0
2025-09-22 04:09:12.453085,15655,ANO 2011,/sazeni/politika/cesko-volby-do-ps-2025-pardubicky-kraj/ano-2011-MCZ192196838,,04.10. 14:00,1.03,7.13
2025-09-22 04:09:12.453085,15703,SPOLU,/sazeni/politika/cesko-volby-do-ps-2025-pardubicky-kraj/spolu-MCZ192196840,,04.10. 14:00,7.5,1.02
2025-09-22 04:09:12.453085,15707,SPD,/sazeni/politika/cesko-volby-do-ps-2025-pardubicky-kraj/spd-MCZ192196842,,04.10. 14:00,30.0,-1.0
2025-09-22 04:09:12.453085,15771,STAN,/sazeni/politika/cesko-volby-do-ps-2025-pardubicky-kraj/stan-MCZ192196843,,04.10. 14:00,75.0,-1.0
2025-09-22 04:09:12.453085,15803,Stačilo!,/sazeni/politika/cesko-volby-do-ps-2025-pardubicky-kraj/stacilo--MCZ192196853,,04.10. 14:00,75.0,-1.0
2025-09-22 04:09:12.453085,15804,Piráti,/sazeni/politika/cesko-volby-do-ps-2025-pardubicky-kraj/pirati-MCZ192196856,,04.10. 14:00,125.0,-1.0
2025-09-22 04:09:12.453085,15809,Motoristé sobě,/sazeni/politika/cesko-volby-do-ps-2025-pardubicky-kraj/motoriste-sobe-MCZ192196870,,04.10. 14:00,200.0,-1.0
2025-09-22 04:09:12.453085,15873,Přísaha,/sazeni/politika/cesko-volby-do-ps-2025-pardubicky-kraj/prisaha-MCZ192196871,,04.10. 14:00,500.0,-1.0
2025-09-22 12:12:47.158396,15655,ANO 2011,/sazeni/politika/cesko-volby-do-ps-2025-pardubicky-kraj/ano-2011-MCZ192196838,,04.10. 14:00,1.03,7.13
2025-09-22 12:12:47.158396,15703,SPOLU,/sazeni/politika/cesko-volby-do-ps-2025-pardubicky-kraj/spolu-MCZ192196840,,04.10. 14:00,7.5,1.02
2025-09-22 12:12:47.158396,15707,SPD,/sazeni/politika/cesko-volby-do-ps-2025-pardubicky-kraj/spd-MCZ192196842,,04.10. 14:00,30.0,-1.0
2025-09-22 12:12:47.158396,15771,STAN,/sazeni/politika/cesko-volby-do-ps-2025-pardubicky-kraj/stan-MCZ192196843,,04.10. 14:00,75.0,-1.0
2025-09-22 12:12:47.158396,15803,Stačilo!,/sazeni/politika/cesko-volby-do-ps-2025-pardubicky-kraj/stacilo--MCZ192196853,,04.10. 14:00,75.0,-1.0
2025-09-22 12:12:47.158396,15804,Piráti,/sazeni/politika/cesko-volby-do-ps-2025-pardubicky-kraj/pirati-MCZ192196856,,04.10. 14:00,125.0,-1.0
2025-09-22 12:12:47.158396,15809,Motoristé sobě,/sazeni/politika/cesko-volby-do-ps-2025-pardubicky-kraj/motoriste-sobe-MCZ192196870,,04.10. 14:00,200.0,-1.0
2025-09-22 12:12:47.158396,15873,Přísaha,/sazeni/politika/cesko-volby-do-ps-2025-pardubicky-kraj/prisaha-MCZ192196871,,04.10. 14:00,500.0,-1.0
2025-09-22 20:08:46.365325,15655,ANO 2011,/sazeni/politika/cesko-volby-do-ps-2025-pardubicky-kraj/ano-2011-MCZ192196838,,04.10. 14:00,1.03,7.13
2025-09-22 20:08:46.365325,15703,SPOLU,/sazeni/politika/cesko-volby-do-ps-2025-pardubicky-kraj/spolu-MCZ192196840,,04.10. 14:00,7.5,1.02
2025-09-22 20:08:46.365325,15707,SPD,/sazeni/politika/cesko-volby-do-ps-2025-pardubicky-kraj/spd-MCZ192196842,,04.10. 14:00,30.0,-1.0
2025-09-22 20:08:46.365325,15771,STAN,/sazeni/politika/cesko-volby-do-ps-2025-pardubicky-kraj/stan-MCZ192196843,,04.10. 14:00,75.0,-1.0
2025-09-22 20:08:46.365325,15803,Stačilo!,/sazeni/politika/cesko-volby-do-ps-2025-pardubicky-kraj/stacilo--MCZ192196853,,04.10. 14:00,75.0,-1.0
2025-09-22 20:08:46.365325,15804,Piráti,/sazeni/politika/cesko-volby-do-ps-2025-pardubicky-kraj/pirati-MCZ192196856,,04.10. 14:00,125.0,-1.0
2025-09-22 20:08:46.365325,15809,Motoristé sobě,/sazeni/politika/cesko-volby-do-ps-2025-pardubicky-kraj/motoriste-sobe-MCZ192196870,,04.10. 14:00,200.0,-1.0
2025-09-22 20:08:46.365325,15873,Přísaha,/sazeni/politika/cesko-volby-do-ps-2025-pardubicky-kraj/prisaha-MCZ192196871,,04.10. 14:00,500.0,-1.0
2025-09-23 04:08:42.593229,15655,ANO 2011,/sazeni/politika/cesko-volby-do-ps-2025-pardubicky-kraj/ano-2011-MCZ192196838,,04.10. 14:00,1.03,7.13
2025-09-23 04:08:42.593229,15703,SPOLU,/sazeni/politika/cesko-volby-do-ps-2025-pardubicky-kraj/spolu-MCZ192196840,,04.10. 14:00,7.5,1.02
2025-09-23 04:08:42.593229,15707,SPD,/sazeni/politika/cesko-volby-do-ps-2025-pardubicky-kraj/spd-MCZ192196842,,04.10. 14:00,30.0,-1.0
2025-09-23 04:08:42.593229,15771,STAN,/sazeni/politika/cesko-volby-do-ps-2025-pardubicky-kraj/stan-MCZ192196843,,04.10. 14:00,75.0,-1.0
2025-09-23 04:08:42.593229,15803,Stačilo!,/sazeni/politika/cesko-volby-do-ps-2025-pardubicky-kraj/stacilo--MCZ192196853,,04.10. 14:00,75.0,-1.0
2025-09-23 04:08:42.593229,15804,Piráti,/sazeni/politika/cesko-volby-do-ps-2025-pardubicky-kraj/pirati-MCZ192196856,,04.10. 14:00,125.0,-1.0
2025-09-23 04:08:42.593229,15809,Motoristé sobě,/sazeni/politika/cesko-volby-do-ps-2025-pardubicky-kraj/motoriste-sobe-MCZ192196870,,04.10. 14:00,200.0,-1.0
2025-09-23 04:08:42.593229,15873,Přísaha,/sazeni/politika/cesko-volby-do-ps-2025-pardubicky-kraj/prisaha-MCZ192196871,,04.10. 14:00,500.0,-1.0
2025-09-23 12:12:23.125450,15655,ANO 2011,/sazeni/politika/cesko-volby-do-ps-2025-pardubicky-kraj/ano-2011-MCZ192196838,,04.10. 14:00,1.03,7.13
2025-09-23 12:12:23.125450,15703,SPOLU,/sazeni/politika/cesko-volby-do-ps-2025-pardubicky-kraj/spolu-MCZ192196840,,04.10. 14:00,7.5,1.02
2025-09-23 12:12:23.125450,15707,SPD,/sazeni/politika/cesko-volby-do-ps-2025-pardubicky-kraj/spd-MCZ192196842,,04.10. 14:00,30.0,-1.0
2025-09-23 12:12:23.125450,15771,STAN,/sazeni/politika/cesko-volby-do-ps-2025-pardubicky-kraj/stan-MCZ192196843,,04.10. 14:00,75.0,-1.0
2025-09-23 12:12:23.125450,15803,Stačilo!,/sazeni/politika/cesko-volby-do-ps-2025-pardubicky-kraj/stacilo--MCZ192196853,,04.10. 14:00,75.0,-1.0
2025-09-23 12:12:23.125450,15804,Piráti,/sazeni/politika/cesko-volby-do-ps-2025-pardubicky-kraj/pirati-MCZ192196856,,04.10. 14:00,125.0,-1.0
2025-09-23 12:12:23.125450,15809,Motoristé sobě,/sazeni/politika/cesko-volby-do-ps-2025-pardubicky-kraj/motoriste-sobe-MCZ192196870,,04.10. 14:00,200.0,-1.0
2025-09-23 12:12:23.125450,15873,Přísaha,/sazeni/politika/cesko-volby-do-ps-2025-pardubicky-kraj/prisaha-MCZ192196871,,04.10. 14:00,500.0,-1.0
2025-09-23 20:07:53.677183,15655,ANO 2011,/sazeni/politika/cesko-volby-do-ps-2025-pardubicky-kraj/ano-2011-MCZ192196838,,04.10. 14:00,1.03,7.13
2025-09-23 20:07:53.677183,15703,SPOLU,/sazeni/politika/cesko-volby-do-ps-2025-pardubicky-kraj/spolu-MCZ192196840,,04.10. 14:00,7.5,1.02
2025-09-23 20:07:53.677183,15707,SPD,/sazeni/politika/cesko-volby-do-ps-2025-pardubicky-kraj/spd-MCZ192196842,,04.10. 14:00,30.0,-1.0
2025-09-23 20:07:53.677183,15771,STAN,/sazeni/politika/cesko-volby-do-ps-2025-pardubicky-kraj/stan-MCZ192196843,,04.10. 14:00,75.0,-1.0
2025-09-23 20:07:53.677183,15803,Stačilo!,/sazeni/politika/cesko-volby-do-ps-2025-pardubicky-kraj/stacilo--MCZ192196853,,04.10. 14:00,75.0,-1.0
2025-09-23 20:07:53.677183,15804,Piráti,/sazeni/politika/cesko-volby-do-ps-2025-pardubicky-kraj/pirati-MCZ192196856,,04.10. 14:00,125.0,-1.0
2025-09-23 20:07:53.677183,15809,Motoristé sobě,/sazeni/politika/cesko-volby-do-ps-2025-pardubicky-kraj/motoriste-sobe-MCZ192196870,,04.10. 14:00,200.0,-1.0
2025-09-23 20:07:53.677183,15873,Přísaha,/sazeni/politika/cesko-volby-do-ps-2025-pardubicky-kraj/prisaha-MCZ192196871,,04.10. 14:00,500.0,-1.0
2025-09-24 04:08:27.476255,15655,ANO 2011,/sazeni/politika/cesko-volby-do-ps-2025-pardubicky-kraj/ano-2011-MCZ192196838,,04.10. 14:00,1.03,7.13
2025-09-24 04:08:27.476255,15703,SPOLU,/sazeni/politika/cesko-volby-do-ps-2025-pardubicky-kraj/spolu-MCZ192196840,,04.10. 14:00,7.5,1.02
2025-09-24 04:08:27.476255,15707,SPD,/sazeni/politika/cesko-volby-do-ps-2025-pardubicky-kraj/spd-MCZ192196842,,04.10. 14:00,30.0,-1.0
2025-09-24 04:08:27.476255,15771,STAN,/sazeni/politika/cesko-volby-do-ps-2025-pardubicky-kraj/stan-MCZ192196843,,04.10. 14:00,75.0,-1.0
2025-09-24 04:08:27.476255,15803,Stačilo!,/sazeni/politika/cesko-volby-do-ps-2025-pardubicky-kraj/stacilo--MCZ192196853,,04.10. 14:00,75.0,-1.0
2025-09-24 04:08:27.476255,15804,Piráti,/sazeni/politika/cesko-volby-do-ps-2025-pardubicky-kraj/pirati-MCZ192196856,,04.10. 14:00,125.0,-1.0
2025-09-24 04:08:27.476255,15809,Motoristé sobě,/sazeni/politika/cesko-volby-do-ps-2025-pardubicky-kraj/motoriste-sobe-MCZ192196870,,04.10. 14:00,200.0,-1.0
2025-09-24 04:08:27.476255,15873,Přísaha,/sazeni/politika/cesko-volby-do-ps-2025-pardubicky-kraj/prisaha-MCZ192196871,,04.10. 14:00,500.0,-1.0
2025-09-24 12:12:55.667673,15655,ANO 2011,/sazeni/politika/cesko-volby-do-ps-2025-pardubicky-kraj/ano-2011-MCZ192196838,,04.10. 14:00,1.03,7.13
2025-09-24 12:12:55.667673,15703,SPOLU,/sazeni/politika/cesko-volby-do-ps-2025-pardubicky-kraj/spolu-MCZ192196840,,04.10. 14:00,7.5,1.02
2025-09-24 12:12:55.667673,15707,SPD,/sazeni/politika/cesko-volby-do-ps-2025-pardubicky-kraj/spd-MCZ192196842,,04.10. 14:00,30.0,-1.0
2025-09-24 12:12:55.667673,15771,STAN,/sazeni/politika/cesko-volby-do-ps-2025-pardubicky-kraj/stan-MCZ192196843,,04.10. 14:00,75.0,-1.0
2025-09-24 12:12:55.667673,15803,Stačilo!,/sazeni/politika/cesko-volby-do-ps-2025-pardubicky-kraj/stacilo--MCZ192196853,,04.10. 14:00,75.0,-1.0
2025-09-24 12:12:55.667673,15804,Piráti,/sazeni/politika/cesko-volby-do-ps-2025-pardubicky-kraj/pirati-MCZ192196856,,04.10. 14:00,125.0,-1.0
2025-09-24 12:12:55.667673,15809,Motoristé sobě,/sazeni/politika/cesko-volby-do-ps-2025-pardubicky-kraj/motoriste-sobe-MCZ192196870,,04.10. 14:00,200.0,-1.0
2025-09-24 12:12:55.667673,15873,Přísaha,/sazeni/politika/cesko-volby-do-ps-2025-pardubicky-kraj/prisaha-MCZ192196871,,04.10. 14:00,500.0,-1.0
2025-09-24 20:08:32.394428,15655,ANO 2011,/sazeni/politika/cesko-volby-do-ps-2025-pardubicky-kraj/ano-2011-MCZ192196838,,04.10. 14:00,1.03,7.13
2025-09-24 20:08:32.394428,15703,SPOLU,/sazeni/politika/cesko-volby-do-ps-2025-pardubicky-kraj/spolu-MCZ192196840,,04.10. 14:00,7.5,1.02
2025-09-24 20:08:32.394428,15707,SPD,/sazeni/politika/cesko-volby-do-ps-2025-pardubicky-kraj/spd-MCZ192196842,,04.10. 14:00,30.0,-1.0
2025-09-24 20:08:32.394428,15771,STAN,/sazeni/politika/cesko-volby-do-ps-2025-pardubicky-kraj/stan-MCZ192196843,,04.10. 14:00,75.0,-1.0
2025-09-24 20:08:32.394428,15803,Stačilo!,/sazeni/politika/cesko-volby-do-ps-2025-pardubicky-kraj/stacilo--MCZ192196853,,04.10. 14:00,75.0,-1.0
2025-09-24 20:08:32.394428,15804,Piráti,/sazeni/politika/cesko-volby-do-ps-2025-pardubicky-kraj/pirati-MCZ192196856,,04.10. 14:00,125.0,-1.0
2025-09-24 20:08:32.394428,15809,Motoristé sobě,/sazeni/politika/cesko-volby-do-ps-2025-pardubicky-kraj/motoriste-sobe-MCZ192196870,,04.10. 14:00,200.0,-1.0
2025-09-24 20:08:32.394428,15873,Přísaha,/sazeni/politika/cesko-volby-do-ps-2025-pardubicky-kraj/prisaha-MCZ192196871,,04.10. 14:00,500.0,-1.0
2025-09-25 04:08:48.159111,15655,ANO 2011,/sazeni/politika/cesko-volby-do-ps-2025-pardubicky-kraj/ano-2011-MCZ192196838,,04.10. 14:00,1.03,7.13
2025-09-25 04:08:48.159111,15703,SPOLU,/sazeni/politika/cesko-volby-do-ps-2025-pardubicky-kraj/spolu-MCZ192196840,,04.10. 14:00,7.5,1.02
2025-09-25 04:08:48.159111,15707,SPD,/sazeni/politika/cesko-volby-do-ps-2025-pardubicky-kraj/spd-MCZ192196842,,04.10. 14:00,30.0,-1.0
2025-09-25 04:08:48.159111,15771,STAN,/sazeni/politika/cesko-volby-do-ps-2025-pardubicky-kraj/stan-MCZ192196843,,04.10. 14:00,75.0,-1.0
2025-09-25 04:08:48.159111,15803,Stačilo!,/sazeni/politika/cesko-volby-do-ps-2025-pardubicky-kraj/stacilo--MCZ192196853,,04.10. 14:00,75.0,-1.0
2025-09-25 04:08:48.159111,15804,Piráti,/sazeni/politika/cesko-volby-do-ps-2025-pardubicky-kraj/pirati-MCZ192196856,,04.10. 14:00,125.0,-1.0
2025-09-25 04:08:48.159111,15809,Motoristé sobě,/sazeni/politika/cesko-volby-do-ps-2025-pardubicky-kraj/motoriste-sobe-MCZ192196870,,04.10. 14:00,200.0,-1.0
2025-09-25 04:08:48.159111,15873,Přísaha,/sazeni/politika/cesko-volby-do-ps-2025-pardubicky-kraj/prisaha-MCZ192196871,,04.10. 14:00,500.0,-1.0
2025-09-25 12:12:35.289984,15655,ANO 2011,/sazeni/politika/cesko-volby-do-ps-2025-pardubicky-kraj/ano-2011-MCZ192196838,,04.10. 14:00,1.02,7.65
2025-09-25 12:12:35.289984,15703,SPOLU,/sazeni/politika/cesko-volby-do-ps-2025-pardubicky-kraj/spolu-MCZ192196840,,04.10. 14:00,8.5,1.01
2025-09-25 12:12:35.289984,15707,SPD,/sazeni/politika/cesko-volby-do-ps-2025-pardubicky-kraj/spd-MCZ192196842,,04.10. 14:00,30.0,-1.0
2025-09-25 12:12:35.289984,15771,STAN,/sazeni/politika/cesko-volby-do-ps-2025-pardubicky-kraj/stan-MCZ192196843,,04.10. 14:00,75.0,-1.0
2025-09-25 12:12:35.289984,15803,Stačilo!,/sazeni/politika/cesko-volby-do-ps-2025-pardubicky-kraj/stacilo--MCZ192196853,,04.10. 14:00,75.0,-1.0
2025-09-25 12:12:35.289984,15804,Piráti,/sazeni/politika/cesko-volby-do-ps-2025-pardubicky-kraj/pirati-MCZ192196856,,04.10. 14:00,125.0,-1.0
2025-09-25 12:12:35.289984,15809,Motoristé sobě,/sazeni/politika/cesko-volby-do-ps-2025-pardubicky-kraj/motoriste-sobe-MCZ192196870,,04.10. 14:00,200.0,-1.0
2025-09-25 12:12:35.289984,15873,Přísaha,/sazeni/politika/cesko-volby-do-ps-2025-pardubicky-kraj/prisaha-MCZ192196871,,04.10. 14:00,500.0,-1.0
2025-09-25 20:08:15.179700,15655,ANO 2011,/sazeni/politika/cesko-volby-do-ps-2025-pardubicky-kraj/ano-2011-MCZ192196838,,04.10. 14:00,1.02,7.65
2025-09-25 20:08:15.179700,15703,SPOLU,/sazeni/politika/cesko-volby-do-ps-2025-pardubicky-kraj/spolu-MCZ192196840,,04.10. 14:00,8.5,1.01
2025-09-25 20:08:15.179700,15707,SPD,/sazeni/politika/cesko-volby-do-ps-2025-pardubicky-kraj/spd-MCZ192196842,,04.10. 14:00,30.0,-1.0
2025-09-25 20:08:15.179700,15771,STAN,/sazeni/politika/cesko-volby-do-ps-2025-pardubicky-kraj/stan-MCZ192196843,,04.10. 14:00,75.0,-1.0
2025-09-25 20:08:15.179700,15803,Stačilo!,/sazeni/politika/cesko-volby-do-ps-2025-pardubicky-kraj/stacilo--MCZ192196853,,04.10. 14:00,75.0,-1.0
2025-09-25 20:08:15.179700,15804,Piráti,/sazeni/politika/cesko-volby-do-ps-2025-pardubicky-kraj/pirati-MCZ192196856,,04.10. 14:00,125.0,-1.0
2025-09-25 20:08:15.179700,15809,Motoristé sobě,/sazeni/politika/cesko-volby-do-ps-2025-pardubicky-kraj/motoriste-sobe-MCZ192196870,,04.10. 14:00,200.0,-1.0
2025-09-25 20:08:15.179700,15873,Přísaha,/sazeni/politika/cesko-volby-do-ps-2025-pardubicky-kraj/prisaha-MCZ192196871,,04.10. 14:00,500.0,-1.0
2025-09-26 04:08:28.024311,15655,ANO 2011,/sazeni/politika/cesko-volby-do-ps-2025-pardubicky-kraj/ano-2011-MCZ192196838,,04.10. 14:00,1.02,7.65
2025-09-26 04:08:28.024311,15703,SPOLU,/sazeni/politika/cesko-volby-do-ps-2025-pardubicky-kraj/spolu-MCZ192196840,,04.10. 14:00,8.5,1.01
2025-09-26 04:08:28.024311,15707,SPD,/sazeni/politika/cesko-volby-do-ps-2025-pardubicky-kraj/spd-MCZ192196842,,04.10. 14:00,30.0,-1.0
2025-09-26 04:08:28.024311,15771,STAN,/sazeni/politika/cesko-volby-do-ps-2025-pardubicky-kraj/stan-MCZ192196843,,04.10. 14:00,75.0,-1.0
2025-09-26 04:08:28.024311,15803,Stačilo!,/sazeni/politika/cesko-volby-do-ps-2025-pardubicky-kraj/stacilo--MCZ192196853,,04.10. 14:00,75.0,-1.0
2025-09-26 04:08:28.024311,15804,Piráti,/sazeni/politika/cesko-volby-do-ps-2025-pardubicky-kraj/pirati-MCZ192196856,,04.10. 14:00,125.0,-1.0
2025-09-26 04:08:28.024311,15809,Motoristé sobě,/sazeni/politika/cesko-volby-do-ps-2025-pardubicky-kraj/motoriste-sobe-MCZ192196870,,04.10. 14:00,200.0,-1.0
2025-09-26 04:08:28.024311,15873,Přísaha,/sazeni/politika/cesko-volby-do-ps-2025-pardubicky-kraj/prisaha-MCZ192196871,,04.10. 14:00,500.0,-1.0
2025-09-26 12:12:16.279021,15655,ANO 2011,/sazeni/politika/cesko-volby-do-ps-2025-pardubicky-kraj/ano-2011-MCZ192196838,,04.10. 14:00,1.02,7.65
2025-09-26 12:12:16.279021,15703,SPOLU,/sazeni/politika/cesko-volby-do-ps-2025-pardubicky-kraj/spolu-MCZ192196840,,04.10. 14:00,8.5,1.01
2025-09-26 12:12:16.279021,15707,SPD,/sazeni/politika/cesko-volby-do-ps-2025-pardubicky-kraj/spd-MCZ192196842,,04.10. 14:00,30.0,-1.0
2025-09-26 12:12:16.279021,15771,STAN,/sazeni/politika/cesko-volby-do-ps-2025-pardubicky-kraj/stan-MCZ192196843,,04.10. 14:00,75.0,-1.0
2025-09-26 12:12:16.279021,15803,Stačilo!,/sazeni/politika/cesko-volby-do-ps-2025-pardubicky-kraj/stacilo--MCZ192196853,,04.10. 14:00,75.0,-1.0
2025-09-26 12:12:16.279021,15804,Piráti,/sazeni/politika/cesko-volby-do-ps-2025-pardubicky-kraj/pirati-MCZ192196856,,04.10. 14:00,125.0,-1.0
2025-09-26 12:12:16.279021,15809,Motoristé sobě,/sazeni/politika/cesko-volby-do-ps-2025-pardubicky-kraj/motoriste-sobe-MCZ192196870,,04.10. 14:00,200.0,-1.0
2025-09-26 12:12:16.279021,15873,Přísaha,/sazeni/politika/cesko-volby-do-ps-2025-pardubicky-kraj/prisaha-MCZ192196871,,04.10. 14:00,500.0,-1.0
2025-09-26 20:08:24.291552,15655,ANO 2011,/sazeni/politika/cesko-volby-do-ps-2025-pardubicky-kraj/ano-2011-MCZ192196838,,04.10. 14:00,1.02,7.65
2025-09-26 20:08:24.291552,15703,SPOLU,/sazeni/politika/cesko-volby-do-ps-2025-pardubicky-kraj/spolu-MCZ192196840,,04.10. 14:00,8.5,1.01
2025-09-26 20:08:24.291552,15707,SPD,/sazeni/politika/cesko-volby-do-ps-2025-pardubicky-kraj/spd-MCZ192196842,,04.10. 14:00,30.0,-1.0
2025-09-26 20:08:24.291552,15771,STAN,/sazeni/politika/cesko-volby-do-ps-2025-pardubicky-kraj/stan-MCZ192196843,,04.10. 14:00,75.0,-1.0
2025-09-26 20:08:24.291552,15803,Stačilo!,/sazeni/politika/cesko-volby-do-ps-2025-pardubicky-kraj/stacilo--MCZ192196853,,04.10. 14:00,75.0,-1.0
2025-09-26 20:08:24.291552,15804,Piráti,/sazeni/politika/cesko-volby-do-ps-2025-pardubicky-kraj/pirati-MCZ192196856,,04.10. 14:00,125.0,-1.0
2025-09-26 20:08:24.291552,15809,Motoristé sobě,/sazeni/politika/cesko-volby-do-ps-2025-pardubicky-kraj/motoriste-sobe-MCZ192196870,,04.10. 14:00,200.0,-1.0
2025-09-26 20:08:24.291552,15873,Přísaha,/sazeni/politika/cesko-volby-do-ps-2025-pardubicky-kraj/prisaha-MCZ192196871,,04.10. 14:00,500.0,-1.0
2025-09-27 04:08:25.771224,15655,ANO 2011,/sazeni/politika/cesko-volby-do-ps-2025-pardubicky-kraj/ano-2011-MCZ192196838,,04.10. 14:00,1.02,7.65
2025-09-27 04:08:25.771224,15703,SPOLU,/sazeni/politika/cesko-volby-do-ps-2025-pardubicky-kraj/spolu-MCZ192196840,,04.10. 14:00,8.5,1.01
2025-09-27 04:08:25.771224,15707,SPD,/sazeni/politika/cesko-volby-do-ps-2025-pardubicky-kraj/spd-MCZ192196842,,04.10. 14:00,30.0,-1.0
2025-09-27 04:08:25.771224,15771,STAN,/sazeni/politika/cesko-volby-do-ps-2025-pardubicky-kraj/stan-MCZ192196843,,04.10. 14:00,75.0,-1.0
2025-09-27 04:08:25.771224,15803,Stačilo!,/sazeni/politika/cesko-volby-do-ps-2025-pardubicky-kraj/stacilo--MCZ192196853,,04.10. 14:00,75.0,-1.0
2025-09-27 04:08:25.771224,15804,Piráti,/sazeni/politika/cesko-volby-do-ps-2025-pardubicky-kraj/pirati-MCZ192196856,,04.10. 14:00,125.0,-1.0
2025-09-27 04:08:25.771224,15809,Motoristé sobě,/sazeni/politika/cesko-volby-do-ps-2025-pardubicky-kraj/motoriste-sobe-MCZ192196870,,04.10. 14:00,200.0,-1.0
2025-09-27 04:08:25.771224,15873,Přísaha,/sazeni/politika/cesko-volby-do-ps-2025-pardubicky-kraj/prisaha-MCZ192196871,,04.10. 14:00,500.0,-1.0
2025-09-27 12:11:15.818062,15655,ANO 2011,/sazeni/politika/cesko-volby-do-ps-2025-pardubicky-kraj/ano-2011-MCZ192196838,,04.10. 14:00,1.02,7.65
2025-09-27 12:11:15.818062,15703,SPOLU,/sazeni/politika/cesko-volby-do-ps-2025-pardubicky-kraj/spolu-MCZ192196840,,04.10. 14:00,8.5,1.01
2025-09-27 12:11:15.818062,15707,SPD,/sazeni/politika/cesko-volby-do-ps-2025-pardubicky-kraj/spd-MCZ192196842,,04.10. 14:00,30.0,-1.0
2025-09-27 12:11:15.818062,15771,STAN,/sazeni/politika/cesko-volby-do-ps-2025-pardubicky-kraj/stan-MCZ192196843,,04.10. 14:00,75.0,-1.0
2025-09-27 12:11:15.818062,15803,Stačilo!,/sazeni/politika/cesko-volby-do-ps-2025-pardubicky-kraj/stacilo--MCZ192196853,,04.10. 14:00,75.0,-1.0
2025-09-27 12:11:15.818062,15804,Piráti,/sazeni/politika/cesko-volby-do-ps-2025-pardubicky-kraj/pirati-MCZ192196856,,04.10. 14:00,125.0,-1.0
2025-09-27 12:11:15.818062,15809,Motoristé sobě,/sazeni/politika/cesko-volby-do-ps-2025-pardubicky-kraj/motoriste-sobe-MCZ192196870,,04.10. 14:00,200.0,-1.0
2025-09-27 12:11:15.818062,15873,Přísaha,/sazeni/politika/cesko-volby-do-ps-2025-pardubicky-kraj/prisaha-MCZ192196871,,04.10. 14:00,500.0,-1.0
2025-09-27 20:07:23.385874,15655,ANO 2011,/sazeni/politika/cesko-volby-do-ps-2025-pardubicky-kraj/ano-2011-MCZ192196838,,04.10. 14:00,1.02,7.65
2025-09-27 20:07:23.385874,15703,SPOLU,/sazeni/politika/cesko-volby-do-ps-2025-pardubicky-kraj/spolu-MCZ192196840,,04.10. 14:00,8.5,1.01
2025-09-27 20:07:23.385874,15707,SPD,/sazeni/politika/cesko-volby-do-ps-2025-pardubicky-kraj/spd-MCZ192196842,,04.10. 14:00,30.0,-1.0
2025-09-27 20:07:23.385874,15771,STAN,/sazeni/politika/cesko-volby-do-ps-2025-pardubicky-kraj/stan-MCZ192196843,,04.10. 14:00,75.0,-1.0
2025-09-27 20:07:23.385874,15803,Stačilo!,/sazeni/politika/cesko-volby-do-ps-2025-pardubicky-kraj/stacilo--MCZ192196853,,04.10. 14:00,75.0,-1.0
2025-09-27 20:07:23.385874,15804,Piráti,/sazeni/politika/cesko-volby-do-ps-2025-pardubicky-kraj/pirati-MCZ192196856,,04.10. 14:00,125.0,-1.0
2025-09-27 20:07:23.385874,15809,Motoristé sobě,/sazeni/politika/cesko-volby-do-ps-2025-pardubicky-kraj/motoriste-sobe-MCZ192196870,,04.10. 14:00,200.0,-1.0
2025-09-27 20:07:23.385874,15873,Přísaha,/sazeni/politika/cesko-volby-do-ps-2025-pardubicky-kraj/prisaha-MCZ192196871,,04.10. 14:00,500.0,-1.0
2025-09-28 04:08:25.589142,15655,ANO 2011,/sazeni/politika/cesko-volby-do-ps-2025-pardubicky-kraj/ano-2011-MCZ192196838,,04.10. 14:00,1.02,7.65
2025-09-28 04:08:25.589142,15703,SPOLU,/sazeni/politika/cesko-volby-do-ps-2025-pardubicky-kraj/spolu-MCZ192196840,,04.10. 14:00,8.5,1.01
2025-09-28 04:08:25.589142,15707,SPD,/sazeni/politika/cesko-volby-do-ps-2025-pardubicky-kraj/spd-MCZ192196842,,04.10. 14:00,30.0,-1.0
2025-09-28 04:08:25.589142,15771,STAN,/sazeni/politika/cesko-volby-do-ps-2025-pardubicky-kraj/stan-MCZ192196843,,04.10. 14:00,75.0,-1.0
2025-09-28 04:08:25.589142,15803,Stačilo!,/sazeni/politika/cesko-volby-do-ps-2025-pardubicky-kraj/stacilo--MCZ192196853,,04.10. 14:00,75.0,-1.0
2025-09-28 04:08:25.589142,15804,Piráti,/sazeni/politika/cesko-volby-do-ps-2025-pardubicky-kraj/pirati-MCZ192196856,,04.10. 14:00,125.0,-1.0
2025-09-28 04:08:25.589142,15809,Motoristé sobě,/sazeni/politika/cesko-volby-do-ps-2025-pardubicky-kraj/motoriste-sobe-MCZ192196870,,04.10. 14:00,200.0,-1.0
2025-09-28 04:08:25.589142,15873,Přísaha,/sazeni/politika/cesko-volby-do-ps-2025-pardubicky-kraj/prisaha-MCZ192196871,,04.10. 14:00,500.0,-1.0
2025-09-28 11:05:38.236564,15655,ANO 2011,/sazeni/politika/cesko-volby-do-ps-2025-pardubicky-kraj/ano-2011-MCZ192196838,,04.10. 14:00,1.02,7.65
2025-09-28 11:05:38.236564,15703,SPOLU,/sazeni/politika/cesko-volby-do-ps-2025-pardubicky-kraj/spolu-MCZ192196840,,04.10. 14:00,8.5,1.01
2025-09-28 11:05:38.236564,15707,SPD,/sazeni/politika/cesko-volby-do-ps-2025-pardubicky-kraj/spd-MCZ192196842,,04.10. 14:00,30.0,-1.0
2025-09-28 11:05:38.236564,15771,STAN,/sazeni/politika/cesko-volby-do-ps-2025-pardubicky-kraj/stan-MCZ192196843,,04.10. 14:00,75.0,-1.0
2025-09-28 11:05:38.236564,15803,Stačilo!,/sazeni/politika/cesko-volby-do-ps-2025-pardubicky-kraj/stacilo--MCZ192196853,,04.10. 14:00,75.0,-1.0
2025-09-28 11:05:38.236564,15804,Piráti,/sazeni/politika/cesko-volby-do-ps-2025-pardubicky-kraj/pirati-MCZ192196856,,04.10. 14:00,125.0,-1.0
2025-09-28 11:05:38.236564,15809,Motoristé sobě,/sazeni/politika/cesko-volby-do-ps-2025-pardubicky-kraj/motoriste-sobe-MCZ192196870,,04.10. 14:00,200.0,-1.0
2025-09-28 11:05:38.236564,15873,Přísaha,/sazeni/politika/cesko-volby-do-ps-2025-pardubicky-kraj/prisaha-MCZ192196871,,04.10. 14:00,500.0,-1.0
2025-09-28 11:57:58.600233,15655,ANO 2011,/sazeni/politika/cesko-volby-do-ps-2025-pardubicky-kraj/ano-2011-MCZ192196838,,04.10. 14:00,1.02,7.65
2025-09-28 11:57:58.600233,15703,SPOLU,/sazeni/politika/cesko-volby-do-ps-2025-pardubicky-kraj/spolu-MCZ192196840,,04.10. 14:00,8.5,1.01
2025-09-28 11:57:58.600233,15707,SPD,/sazeni/politika/cesko-volby-do-ps-2025-pardubicky-kraj/spd-MCZ192196842,,04.10. 14:00,30.0,-1.0
2025-09-28 11:57:58.600233,15771,STAN,/sazeni/politika/cesko-volby-do-ps-2025-pardubicky-kraj/stan-MCZ192196843,,04.10. 14:00,75.0,-1.0
2025-09-28 11:57:58.600233,15803,Stačilo!,/sazeni/politika/cesko-volby-do-ps-2025-pardubicky-kraj/stacilo--MCZ192196853,,04.10. 14:00,75.0,-1.0
2025-09-28 11:57:58.600233,15804,Piráti,/sazeni/politika/cesko-volby-do-ps-2025-pardubicky-kraj/pirati-MCZ192196856,,04.10. 14:00,125.0,-1.0
2025-09-28 11:57:58.600233,15809,Motoristé sobě,/sazeni/politika/cesko-volby-do-ps-2025-pardubicky-kraj/motoriste-sobe-MCZ192196870,,04.10. 14:00,200.0,-1.0
2025-09-28 11:57:58.600233,15873,Přísaha,/sazeni/politika/cesko-volby-do-ps-2025-pardubicky-kraj/prisaha-MCZ192196871,,04.10. 14:00,500.0,-1.0
2025-09-28 12:08:46.775463,15655,ANO 2011,/sazeni/politika/cesko-volby-do-ps-2025-pardubicky-kraj/ano-2011-MCZ192196838,,04.10. 14:00,1.02,7.65
2025-09-28 12:08:46.775463,15703,SPOLU,/sazeni/politika/cesko-volby-do-ps-2025-pardubicky-kraj/spolu-MCZ192196840,,04.10. 14:00,8.5,1.01
2025-09-28 12:08:46.775463,15707,SPD,/sazeni/politika/cesko-volby-do-ps-2025-pardubicky-kraj/spd-MCZ192196842,,04.10. 14:00,30.0,-1.0
2025-09-28 12:08:46.775463,15771,STAN,/sazeni/politika/cesko-volby-do-ps-2025-pardubicky-kraj/stan-MCZ192196843,,04.10. 14:00,75.0,-1.0
2025-09-28 12:08:46.775463,15803,Stačilo!,/sazeni/politika/cesko-volby-do-ps-2025-pardubicky-kraj/stacilo--MCZ192196853,,04.10. 14:00,75.0,-1.0
2025-09-28 12:08:46.775463,15804,Piráti,/sazeni/politika/cesko-volby-do-ps-2025-pardubicky-kraj/pirati-MCZ192196856,,04.10. 14:00,125.0,-1.0
2025-09-28 12:08:46.775463,15809,Motoristé sobě,/sazeni/politika/cesko-volby-do-ps-2025-pardubicky-kraj/motoriste-sobe-MCZ192196870,,04.10. 14:00,200.0,-1.0
2025-09-28 12:08:46.775463,15873,Přísaha,/sazeni/politika/cesko-volby-do-ps-2025-pardubicky-kraj/prisaha-MCZ192196871,,04.10. 14:00,500.0,-1.0
2025-09-28 13:09:03.246722,15655,ANO 2011,/sazeni/politika/cesko-volby-do-ps-2025-pardubicky-kraj/ano-2011-MCZ192196838,,04.10. 14:00,1.02,7.65
2025-09-28 13:09:03.246722,15703,SPOLU,/sazeni/politika/cesko-volby-do-ps-2025-pardubicky-kraj/spolu-MCZ192196840,,04.10. 14:00,8.5,1.01
2025-09-28 13:09:03.246722,15707,SPD,/sazeni/politika/cesko-volby-do-ps-2025-pardubicky-kraj/spd-MCZ192196842,,04.10. 14:00,30.0,-1.0
2025-09-28 13:09:03.246722,15771,STAN,/sazeni/politika/cesko-volby-do-ps-2025-pardubicky-kraj/stan-MCZ192196843,,04.10. 14:00,75.0,-1.0
2025-09-28 13:09:03.246722,15803,Stačilo!,/sazeni/politika/cesko-volby-do-ps-2025-pardubicky-kraj/stacilo--MCZ192196853,,04.10. 14:00,75.0,-1.0
2025-09-28 13:09:03.246722,15804,Piráti,/sazeni/politika/cesko-volby-do-ps-2025-pardubicky-kraj/pirati-MCZ192196856,,04.10. 14:00,125.0,-1.0
2025-09-28 13:09:03.246722,15809,Motoristé sobě,/sazeni/politika/cesko-volby-do-ps-2025-pardubicky-kraj/motoriste-sobe-MCZ192196870,,04.10. 14:00,200.0,-1.0
2025-09-28 13:09:03.246722,15873,Přísaha,/sazeni/politika/cesko-volby-do-ps-2025-pardubicky-kraj/prisaha-MCZ192196871,,04.10. 14:00,500.0,-1.0
2025-09-28 14:05:02.496014,15655,ANO 2011,/sazeni/politika/cesko-volby-do-ps-2025-pardubicky-kraj/ano-2011-MCZ192196838,,04.10. 14:00,1.02,7.65
2025-09-28 14:05:02.496014,15703,SPOLU,/sazeni/politika/cesko-volby-do-ps-2025-pardubicky-kraj/spolu-MCZ192196840,,04.10. 14:00,8.5,1.01
2025-09-28 14:05:02.496014,15707,SPD,/sazeni/politika/cesko-volby-do-ps-2025-pardubicky-kraj/spd-MCZ192196842,,04.10. 14:00,30.0,-1.0
2025-09-28 14:05:02.496014,15771,STAN,/sazeni/politika/cesko-volby-do-ps-2025-pardubicky-kraj/stan-MCZ192196843,,04.10. 14:00,75.0,-1.0
2025-09-28 14:05:02.496014,15803,Stačilo!,/sazeni/politika/cesko-volby-do-ps-2025-pardubicky-kraj/stacilo--MCZ192196853,,04.10. 14:00,75.0,-1.0
2025-09-28 14:05:02.496014,15804,Piráti,/sazeni/politika/cesko-volby-do-ps-2025-pardubicky-kraj/pirati-MCZ192196856,,04.10. 14:00,125.0,-1.0
2025-09-28 14:05:02.496014,15809,Motoristé sobě,/sazeni/politika/cesko-volby-do-ps-2025-pardubicky-kraj/motoriste-sobe-MCZ192196870,,04.10. 14:00,200.0,-1.0
2025-09-28 14:05:02.496014,15873,Přísaha,/sazeni/politika/cesko-volby-do-ps-2025-pardubicky-kraj/prisaha-MCZ192196871,,04.10. 14:00,500.0,-1.0
2025-09-28 15:05:18.729691,15655,ANO 2011,/sazeni/politika/cesko-volby-do-ps-2025-pardubicky-kraj/ano-2011-MCZ192196838,,04.10. 14:00,1.02,7.65
2025-09-28 15:05:18.729691,15703,SPOLU,/sazeni/politika/cesko-volby-do-ps-2025-pardubicky-kraj/spolu-MCZ192196840,,04.10. 14:00,8.5,1.01
2025-09-28 15:05:18.729691,15707,SPD,/sazeni/politika/cesko-volby-do-ps-2025-pardubicky-kraj/spd-MCZ192196842,,04.10. 14:00,30.0,-1.0
2025-09-28 15:05:18.729691,15771,STAN,/sazeni/politika/cesko-volby-do-ps-2025-pardubicky-kraj/stan-MCZ192196843,,04.10. 14:00,75.0,-1.0
2025-09-28 15:05:18.729691,15803,Stačilo!,/sazeni/politika/cesko-volby-do-ps-2025-pardubicky-kraj/stacilo--MCZ192196853,,04.10. 14:00,75.0,-1.0
2025-09-28 15:05:18.729691,15804,Piráti,/sazeni/politika/cesko-volby-do-ps-2025-pardubicky-kraj/pirati-MCZ192196856,,04.10. 14:00,125.0,-1.0
2025-09-28 15:05:18.729691,15809,Motoristé sobě,/sazeni/politika/cesko-volby-do-ps-2025-pardubicky-kraj/motoriste-sobe-MCZ192196870,,04.10. 14:00,200.0,-1.0
2025-09-28 15:05:18.729691,15873,Přísaha,/sazeni/politika/cesko-volby-do-ps-2025-pardubicky-kraj/prisaha-MCZ192196871,,04.10. 14:00,500.0,-1.0
2025-09-28 16:06:15.963842,15655,ANO 2011,/sazeni/politika/cesko-volby-do-ps-2025-pardubicky-kraj/ano-2011-MCZ192196838,,04.10. 14:00,1.02,7.65
2025-09-28 16:06:15.963842,15703,SPOLU,/sazeni/politika/cesko-volby-do-ps-2025-pardubicky-kraj/spolu-MCZ192196840,,04.10. 14:00,8.5,1.01
2025-09-28 16:06:15.963842,15707,SPD,/sazeni/politika/cesko-volby-do-ps-2025-pardubicky-kraj/spd-MCZ192196842,,04.10. 14:00,30.0,-1.0
2025-09-28 16:06:15.963842,15771,STAN,/sazeni/politika/cesko-volby-do-ps-2025-pardubicky-kraj/stan-MCZ192196843,,04.10. 14:00,75.0,-1.0
2025-09-28 16:06:15.963842,15803,Stačilo!,/sazeni/politika/cesko-volby-do-ps-2025-pardubicky-kraj/stacilo--MCZ192196853,,04.10. 14:00,75.0,-1.0
2025-09-28 16:06:15.963842,15804,Piráti,/sazeni/politika/cesko-volby-do-ps-2025-pardubicky-kraj/pirati-MCZ192196856,,04.10. 14:00,125.0,-1.0
2025-09-28 16:06:15.963842,15809,Motoristé sobě,/sazeni/politika/cesko-volby-do-ps-2025-pardubicky-kraj/motoriste-sobe-MCZ192196870,,04.10. 14:00,200.0,-1.0
2025-09-28 16:06:15.963842,15873,Přísaha,/sazeni/politika/cesko-volby-do-ps-2025-pardubicky-kraj/prisaha-MCZ192196871,,04.10. 14:00,500.0,-1.0
2025-09-28 17:05:25.771114,15655,ANO 2011,/sazeni/politika/cesko-volby-do-ps-2025-pardubicky-kraj/ano-2011-MCZ192196838,,04.10. 14:00,1.02,7.65
2025-09-28 17:05:25.771114,15703,SPOLU,/sazeni/politika/cesko-volby-do-ps-2025-pardubicky-kraj/spolu-MCZ192196840,,04.10. 14:00,8.5,1.01
2025-09-28 17:05:25.771114,15707,SPD,/sazeni/politika/cesko-volby-do-ps-2025-pardubicky-kraj/spd-MCZ192196842,,04.10. 14:00,30.0,-1.0
2025-09-28 17:05:25.771114,15771,STAN,/sazeni/politika/cesko-volby-do-ps-2025-pardubicky-kraj/stan-MCZ192196843,,04.10. 14:00,75.0,-1.0
2025-09-28 17:05:25.771114,15803,Stačilo!,/sazeni/politika/cesko-volby-do-ps-2025-pardubicky-kraj/stacilo--MCZ192196853,,04.10. 14:00,75.0,-1.0
2025-09-28 17:05:25.771114,15804,Piráti,/sazeni/politika/cesko-volby-do-ps-2025-pardubicky-kraj/pirati-MCZ192196856,,04.10. 14:00,125.0,-1.0
2025-09-28 17:05:25.771114,15809,Motoristé sobě,/sazeni/politika/cesko-volby-do-ps-2025-pardubicky-kraj/motoriste-sobe-MCZ192196870,,04.10. 14:00,200.0,-1.0
2025-09-28 17:05:25.771114,15873,Přísaha,/sazeni/politika/cesko-volby-do-ps-2025-pardubicky-kraj/prisaha-MCZ192196871,,04.10. 14:00,500.0,-1.0
2025-09-28 18:06:58.070277,15655,ANO 2011,/sazeni/politika/cesko-volby-do-ps-2025-pardubicky-kraj/ano-2011-MCZ192196838,,04.10. 14:00,1.02,7.65
2025-09-28 18:06:58.070277,15703,SPOLU,/sazeni/politika/cesko-volby-do-ps-2025-pardubicky-kraj/spolu-MCZ192196840,,04.10. 14:00,8.5,1.01
2025-09-28 18:06:58.070277,15707,SPD,/sazeni/politika/cesko-volby-do-ps-2025-pardubicky-kraj/spd-MCZ192196842,,04.10. 14:00,30.0,-1.0
2025-09-28 18:06:58.070277,15771,STAN,/sazeni/politika/cesko-volby-do-ps-2025-pardubicky-kraj/stan-MCZ192196843,,04.10. 14:00,75.0,-1.0
2025-09-28 18:06:58.070277,15803,Stačilo!,/sazeni/politika/cesko-volby-do-ps-2025-pardubicky-kraj/stacilo--MCZ192196853,,04.10. 14:00,75.0,-1.0
2025-09-28 18:06:58.070277,15804,Piráti,/sazeni/politika/cesko-volby-do-ps-2025-pardubicky-kraj/pirati-MCZ192196856,,04.10. 14:00,125.0,-1.0
2025-09-28 18:06:58.070277,15809,Motoristé sobě,/sazeni/politika/cesko-volby-do-ps-2025-pardubicky-kraj/motoriste-sobe-MCZ192196870,,04.10. 14:00,200.0,-1.0
2025-09-28 18:06:58.070277,15873,Přísaha,/sazeni/politika/cesko-volby-do-ps-2025-pardubicky-kraj/prisaha-MCZ192196871,,04.10. 14:00,500.0,-1.0
2025-09-28 19:05:18.797651,15655,ANO 2011,/sazeni/politika/cesko-volby-do-ps-2025-pardubicky-kraj/ano-2011-MCZ192196838,,04.10. 14:00,1.02,7.65
2025-09-28 19:05:18.797651,15703,SPOLU,/sazeni/politika/cesko-volby-do-ps-2025-pardubicky-kraj/spolu-MCZ192196840,,04.10. 14:00,8.5,1.01
2025-09-28 19:05:18.797651,15707,SPD,/sazeni/politika/cesko-volby-do-ps-2025-pardubicky-kraj/spd-MCZ192196842,,04.10. 14:00,30.0,-1.0
2025-09-28 19:05:18.797651,15771,STAN,/sazeni/politika/cesko-volby-do-ps-2025-pardubicky-kraj/stan-MCZ192196843,,04.10. 14:00,75.0,-1.0
2025-09-28 19:05:18.797651,15803,Stačilo!,/sazeni/politika/cesko-volby-do-ps-2025-pardubicky-kraj/stacilo--MCZ192196853,,04.10. 14:00,75.0,-1.0
2025-09-28 19:05:18.797651,15804,Piráti,/sazeni/politika/cesko-volby-do-ps-2025-pardubicky-kraj/pirati-MCZ192196856,,04.10. 14:00,125.0,-1.0
2025-09-28 19:05:18.797651,15809,Motoristé sobě,/sazeni/politika/cesko-volby-do-ps-2025-pardubicky-kraj/motoriste-sobe-MCZ192196870,,04.10. 14:00,200.0,-1.0
2025-09-28 19:05:18.797651,15873,Přísaha,/sazeni/politika/cesko-volby-do-ps-2025-pardubicky-kraj/prisaha-MCZ192196871,,04.10. 14:00,500.0,-1.0
2025-09-28 20:05:59.161598,15655,ANO 2011,/sazeni/politika/cesko-volby-do-ps-2025-pardubicky-kraj/ano-2011-MCZ192196838,,04.10. 14:00,1.02,7.65
2025-09-28 20:05:59.161598,15703,SPOLU,/sazeni/politika/cesko-volby-do-ps-2025-pardubicky-kraj/spolu-MCZ192196840,,04.10. 14:00,8.5,1.01
2025-09-28 20:05:59.161598,15707,SPD,/sazeni/politika/cesko-volby-do-ps-2025-pardubicky-kraj/spd-MCZ192196842,,04.10. 14:00,30.0,-1.0
2025-09-28 20:05:59.161598,15771,STAN,/sazeni/politika/cesko-volby-do-ps-2025-pardubicky-kraj/stan-MCZ192196843,,04.10. 14:00,75.0,-1.0
2025-09-28 20:05:59.161598,15803,Stačilo!,/sazeni/politika/cesko-volby-do-ps-2025-pardubicky-kraj/stacilo--MCZ192196853,,04.10. 14:00,75.0,-1.0
2025-09-28 20:05:59.161598,15804,Piráti,/sazeni/politika/cesko-volby-do-ps-2025-pardubicky-kraj/pirati-MCZ192196856,,04.10. 14:00,125.0,-1.0
2025-09-28 20:05:59.161598,15809,Motoristé sobě,/sazeni/politika/cesko-volby-do-ps-2025-pardubicky-kraj/motoriste-sobe-MCZ192196870,,04.10. 14:00,200.0,-1.0
2025-09-28 20:05:59.161598,15873,Přísaha,/sazeni/politika/cesko-volby-do-ps-2025-pardubicky-kraj/prisaha-MCZ192196871,,04.10. 14:00,500.0,-1.0
2025-09-28 21:05:11.086250,15655,ANO 2011,/sazeni/politika/cesko-volby-do-ps-2025-pardubicky-kraj/ano-2011-MCZ192196838,,04.10. 14:00,1.02,7.65
2025-09-28 21:05:11.086250,15703,SPOLU,/sazeni/politika/cesko-volby-do-ps-2025-pardubicky-kraj/spolu-MCZ192196840,,04.10. 14:00,8.5,1.01
2025-09-28 21:05:11.086250,15707,SPD,/sazeni/politika/cesko-volby-do-ps-2025-pardubicky-kraj/spd-MCZ192196842,,04.10. 14:00,30.0,-1.0
2025-09-28 21:05:11.086250,15771,STAN,/sazeni/politika/cesko-volby-do-ps-2025-pardubicky-kraj/stan-MCZ192196843,,04.10. 14:00,75.0,-1.0
2025-09-28 21:05:11.086250,15803,Stačilo!,/sazeni/politika/cesko-volby-do-ps-2025-pardubicky-kraj/stacilo--MCZ192196853,,04.10. 14:00,75.0,-1.0
2025-09-28 21:05:11.086250,15804,Piráti,/sazeni/politika/cesko-volby-do-ps-2025-pardubicky-kraj/pirati-MCZ192196856,,04.10. 14:00,125.0,-1.0
2025-09-28 21:05:11.086250,15809,Motoristé sobě,/sazeni/politika/cesko-volby-do-ps-2025-pardubicky-kraj/motoriste-sobe-MCZ192196870,,04.10. 14:00,200.0,-1.0
2025-09-28 21:05:11.086250,15873,Přísaha,/sazeni/politika/cesko-volby-do-ps-2025-pardubicky-kraj/prisaha-MCZ192196871,,04.10. 14:00,500.0,-1.0
2025-09-28 22:05:25.105329,15655,ANO 2011,/sazeni/politika/cesko-volby-do-ps-2025-pardubicky-kraj/ano-2011-MCZ192196838,,04.10. 14:00,1.02,7.65
2025-09-28 22:05:25.105329,15703,SPOLU,/sazeni/politika/cesko-volby-do-ps-2025-pardubicky-kraj/spolu-MCZ192196840,,04.10. 14:00,8.5,1.01
2025-09-28 22:05:25.105329,15707,SPD,/sazeni/politika/cesko-volby-do-ps-2025-pardubicky-kraj/spd-MCZ192196842,,04.10. 14:00,30.0,-1.0
2025-09-28 22:05:25.105329,15771,STAN,/sazeni/politika/cesko-volby-do-ps-2025-pardubicky-kraj/stan-MCZ192196843,,04.10. 14:00,75.0,-1.0
2025-09-28 22:05:25.105329,15803,Stačilo!,/sazeni/politika/cesko-volby-do-ps-2025-pardubicky-kraj/stacilo--MCZ192196853,,04.10. 14:00,75.0,-1.0
2025-09-28 22:05:25.105329,15804,Piráti,/sazeni/politika/cesko-volby-do-ps-2025-pardubicky-kraj/pirati-MCZ192196856,,04.10. 14:00,125.0,-1.0
2025-09-28 22:05:25.105329,15809,Motoristé sobě,/sazeni/politika/cesko-volby-do-ps-2025-pardubicky-kraj/motoriste-sobe-MCZ192196870,,04.10. 14:00,200.0,-1.0
2025-09-28 22:05:25.105329,15873,Přísaha,/sazeni/politika/cesko-volby-do-ps-2025-pardubicky-kraj/prisaha-MCZ192196871,,04.10. 14:00,500.0,-1.0
2025-09-28 23:05:29.570528,15655,ANO 2011,/sazeni/politika/cesko-volby-do-ps-2025-pardubicky-kraj/ano-2011-MCZ192196838,,04.10. 14:00,1.02,7.65
2025-09-28 23:05:29.570528,15703,SPOLU,/sazeni/politika/cesko-volby-do-ps-2025-pardubicky-kraj/spolu-MCZ192196840,,04.10. 14:00,8.5,1.01
2025-09-28 23:05:29.570528,15707,SPD,/sazeni/politika/cesko-volby-do-ps-2025-pardubicky-kraj/spd-MCZ192196842,,04.10. 14:00,30.0,-1.0
2025-09-28 23:05:29.570528,15771,STAN,/sazeni/politika/cesko-volby-do-ps-2025-pardubicky-kraj/stan-MCZ192196843,,04.10. 14:00,75.0,-1.0
2025-09-28 23:05:29.570528,15803,Stačilo!,/sazeni/politika/cesko-volby-do-ps-2025-pardubicky-kraj/stacilo--MCZ192196853,,04.10. 14:00,75.0,-1.0
2025-09-28 23:05:29.570528,15804,Piráti,/sazeni/politika/cesko-volby-do-ps-2025-pardubicky-kraj/pirati-MCZ192196856,,04.10. 14:00,125.0,-1.0
2025-09-28 23:05:29.570528,15809,Motoristé sobě,/sazeni/politika/cesko-volby-do-ps-2025-pardubicky-kraj/motoriste-sobe-MCZ192196870,,04.10. 14:00,200.0,-1.0
2025-09-28 23:05:29.570528,15873,Přísaha,/sazeni/politika/cesko-volby-do-ps-2025-pardubicky-kraj/prisaha-MCZ192196871,,04.10. 14:00,500.0,-1.0
2025-09-29 00:24:32.901344,15655,ANO 2011,/sazeni/politika/cesko-volby-do-ps-2025-pardubicky-kraj/ano-2011-MCZ192196838,,04.10. 14:00,1.02,7.65
2025-09-29 00:24:32.901344,15703,SPOLU,/sazeni/politika/cesko-volby-do-ps-2025-pardubicky-kraj/spolu-MCZ192196840,,04.10. 14:00,8.5,1.01
2025-09-29 00:24:32.901344,15707,SPD,/sazeni/politika/cesko-volby-do-ps-2025-pardubicky-kraj/spd-MCZ192196842,,04.10. 14:00,30.0,-1.0
2025-09-29 00:24:32.901344,15771,STAN,/sazeni/politika/cesko-volby-do-ps-2025-pardubicky-kraj/stan-MCZ192196843,,04.10. 14:00,75.0,-1.0
2025-09-29 00:24:32.901344,15803,Stačilo!,/sazeni/politika/cesko-volby-do-ps-2025-pardubicky-kraj/stacilo--MCZ192196853,,04.10. 14:00,75.0,-1.0
2025-09-29 00:24:32.901344,15804,Piráti,/sazeni/politika/cesko-volby-do-ps-2025-pardubicky-kraj/pirati-MCZ192196856,,04.10. 14:00,125.0,-1.0
2025-09-29 00:24:32.901344,15809,Motoristé sobě,/sazeni/politika/cesko-volby-do-ps-2025-pardubicky-kraj/motoriste-sobe-MCZ192196870,,04.10. 14:00,200.0,-1.0
2025-09-29 00:24:32.901344,15873,Přísaha,/sazeni/politika/cesko-volby-do-ps-2025-pardubicky-kraj/prisaha-MCZ192196871,,04.10. 14:00,500.0,-1.0
2025-09-29 01:34:06.884167,15655,ANO 2011,/sazeni/politika/cesko-volby-do-ps-2025-pardubicky-kraj/ano-2011-MCZ192196838,,04.10. 14:00,1.02,7.65
2025-09-29 01:34:06.884167,15703,SPOLU,/sazeni/politika/cesko-volby-do-ps-2025-pardubicky-kraj/spolu-MCZ192196840,,04.10. 14:00,8.5,1.01
2025-09-29 01:34:06.884167,15707,SPD,/sazeni/politika/cesko-volby-do-ps-2025-pardubicky-kraj/spd-MCZ192196842,,04.10. 14:00,30.0,-1.0
2025-09-29 01:34:06.884167,15771,STAN,/sazeni/politika/cesko-volby-do-ps-2025-pardubicky-kraj/stan-MCZ192196843,,04.10. 14:00,75.0,-1.0
2025-09-29 01:34:06.884167,15803,Stačilo!,/sazeni/politika/cesko-volby-do-ps-2025-pardubicky-kraj/stacilo--MCZ192196853,,04.10. 14:00,75.0,-1.0
2025-09-29 01:34:06.884167,15804,Piráti,/sazeni/politika/cesko-volby-do-ps-2025-pardubicky-kraj/pirati-MCZ192196856,,04.10. 14:00,125.0,-1.0
2025-09-29 01:34:06.884167,15809,Motoristé sobě,/sazeni/politika/cesko-volby-do-ps-2025-pardubicky-kraj/motoriste-sobe-MCZ192196870,,04.10. 14:00,200.0,-1.0
2025-09-29 01:34:06.884167,15873,Přísaha,/sazeni/politika/cesko-volby-do-ps-2025-pardubicky-kraj/prisaha-MCZ192196871,,04.10. 14:00,500.0,-1.0
2025-09-29 02:34:31.917658,15655,ANO 2011,/sazeni/politika/cesko-volby-do-ps-2025-pardubicky-kraj/ano-2011-MCZ192196838,,04.10. 14:00,1.02,7.65
2025-09-29 02:34:31.917658,15703,SPOLU,/sazeni/politika/cesko-volby-do-ps-2025-pardubicky-kraj/spolu-MCZ192196840,,04.10. 14:00,8.5,1.01
2025-09-29 02:34:31.917658,15707,SPD,/sazeni/politika/cesko-volby-do-ps-2025-pardubicky-kraj/spd-MCZ192196842,,04.10. 14:00,30.0,-1.0
2025-09-29 02:34:31.917658,15771,STAN,/sazeni/politika/cesko-volby-do-ps-2025-pardubicky-kraj/stan-MCZ192196843,,04.10. 14:00,75.0,-1.0
2025-09-29 02:34:31.917658,15803,Stačilo!,/sazeni/politika/cesko-volby-do-ps-2025-pardubicky-kraj/stacilo--MCZ192196853,,04.10. 14:00,75.0,-1.0
2025-09-29 02:34:31.917658,15804,Piráti,/sazeni/politika/cesko-volby-do-ps-2025-pardubicky-kraj/pirati-MCZ192196856,,04.10. 14:00,125.0,-1.0
2025-09-29 02:34:31.917658,15809,Motoristé sobě,/sazeni/politika/cesko-volby-do-ps-2025-pardubicky-kraj/motoriste-sobe-MCZ192196870,,04.10. 14:00,200.0,-1.0
2025-09-29 02:34:31.917658,15873,Přísaha,/sazeni/politika/cesko-volby-do-ps-2025-pardubicky-kraj/prisaha-MCZ192196871,,04.10. 14:00,500.0,-1.0
2025-09-29 03:21:47.882029,15655,ANO 2011,/sazeni/politika/cesko-volby-do-ps-2025-pardubicky-kraj/ano-2011-MCZ192196838,,04.10. 14:00,1.02,7.65
2025-09-29 03:21:47.882029,15703,SPOLU,/sazeni/politika/cesko-volby-do-ps-2025-pardubicky-kraj/spolu-MCZ192196840,,04.10. 14:00,8.5,1.01
2025-09-29 03:21:47.882029,15707,SPD,/sazeni/politika/cesko-volby-do-ps-2025-pardubicky-kraj/spd-MCZ192196842,,04.10. 14:00,30.0,-1.0
2025-09-29 03:21:47.882029,15771,STAN,/sazeni/politika/cesko-volby-do-ps-2025-pardubicky-kraj/stan-MCZ192196843,,04.10. 14:00,75.0,-1.0
2025-09-29 03:21:47.882029,15803,Stačilo!,/sazeni/politika/cesko-volby-do-ps-2025-pardubicky-kraj/stacilo--MCZ192196853,,04.10. 14:00,75.0,-1.0
2025-09-29 03:21:47.882029,15804,Piráti,/sazeni/politika/cesko-volby-do-ps-2025-pardubicky-kraj/pirati-MCZ192196856,,04.10. 14:00,125.0,-1.0
2025-09-29 03:21:47.882029,15809,Motoristé sobě,/sazeni/politika/cesko-volby-do-ps-2025-pardubicky-kraj/motoriste-sobe-MCZ192196870,,04.10. 14:00,200.0,-1.0
2025-09-29 03:21:47.882029,15873,Přísaha,/sazeni/politika/cesko-volby-do-ps-2025-pardubicky-kraj/prisaha-MCZ192196871,,04.10. 14:00,500.0,-1.0
2025-09-29 04:07:18.674263,15655,ANO 2011,/sazeni/politika/cesko-volby-do-ps-2025-pardubicky-kraj/ano-2011-MCZ192196838,,04.10. 14:00,1.02,7.65
2025-09-29 04:07:18.674263,15703,SPOLU,/sazeni/politika/cesko-volby-do-ps-2025-pardubicky-kraj/spolu-MCZ192196840,,04.10. 14:00,8.5,1.01
2025-09-29 04:07:18.674263,15707,SPD,/sazeni/politika/cesko-volby-do-ps-2025-pardubicky-kraj/spd-MCZ192196842,,04.10. 14:00,30.0,-1.0
2025-09-29 04:07:18.674263,15771,STAN,/sazeni/politika/cesko-volby-do-ps-2025-pardubicky-kraj/stan-MCZ192196843,,04.10. 14:00,75.0,-1.0
2025-09-29 04:07:18.674263,15803,Stačilo!,/sazeni/politika/cesko-volby-do-ps-2025-pardubicky-kraj/stacilo--MCZ192196853,,04.10. 14:00,75.0,-1.0
2025-09-29 04:07:18.674263,15804,Piráti,/sazeni/politika/cesko-volby-do-ps-2025-pardubicky-kraj/pirati-MCZ192196856,,04.10. 14:00,125.0,-1.0
2025-09-29 04:07:18.674263,15809,Motoristé sobě,/sazeni/politika/cesko-volby-do-ps-2025-pardubicky-kraj/motoriste-sobe-MCZ192196870,,04.10. 14:00,200.0,-1.0
2025-09-29 04:07:18.674263,15873,Přísaha,/sazeni/politika/cesko-volby-do-ps-2025-pardubicky-kraj/prisaha-MCZ192196871,,04.10. 14:00,500.0,-1.0
2025-09-29 05:07:00.929028,15655,ANO 2011,/sazeni/politika/cesko-volby-do-ps-2025-pardubicky-kraj/ano-2011-MCZ192196838,,04.10. 14:00,1.02,7.65
2025-09-29 05:07:00.929028,15703,SPOLU,/sazeni/politika/cesko-volby-do-ps-2025-pardubicky-kraj/spolu-MCZ192196840,,04.10. 14:00,8.5,1.01
2025-09-29 05:07:00.929028,15707,SPD,/sazeni/politika/cesko-volby-do-ps-2025-pardubicky-kraj/spd-MCZ192196842,,04.10. 14:00,30.0,-1.0
2025-09-29 05:07:00.929028,15771,STAN,/sazeni/politika/cesko-volby-do-ps-2025-pardubicky-kraj/stan-MCZ192196843,,04.10. 14:00,75.0,-1.0
2025-09-29 05:07:00.929028,15803,Stačilo!,/sazeni/politika/cesko-volby-do-ps-2025-pardubicky-kraj/stacilo--MCZ192196853,,04.10. 14:00,75.0,-1.0
2025-09-29 05:07:00.929028,15804,Piráti,/sazeni/politika/cesko-volby-do-ps-2025-pardubicky-kraj/pirati-MCZ192196856,,04.10. 14:00,125.0,-1.0
2025-09-29 05:07:00.929028,15809,Motoristé sobě,/sazeni/politika/cesko-volby-do-ps-2025-pardubicky-kraj/motoriste-sobe-MCZ192196870,,04.10. 14:00,200.0,-1.0
2025-09-29 05:07:00.929028,15873,Přísaha,/sazeni/politika/cesko-volby-do-ps-2025-pardubicky-kraj/prisaha-MCZ192196871,,04.10. 14:00,500.0,-1.0
2025-09-29 06:09:18.373724,15655,ANO 2011,/sazeni/politika/cesko-volby-do-ps-2025-pardubicky-kraj/ano-2011-MCZ192196838,,04.10. 14:00,1.02,7.65
2025-09-29 06:09:18.373724,15703,SPOLU,/sazeni/politika/cesko-volby-do-ps-2025-pardubicky-kraj/spolu-MCZ192196840,,04.10. 14:00,8.5,1.01
2025-09-29 06:09:18.373724,15707,SPD,/sazeni/politika/cesko-volby-do-ps-2025-pardubicky-kraj/spd-MCZ192196842,,04.10. 14:00,30.0,-1.0
2025-09-29 06:09:18.373724,15771,STAN,/sazeni/politika/cesko-volby-do-ps-2025-pardubicky-kraj/stan-MCZ192196843,,04.10. 14:00,75.0,-1.0
2025-09-29 06:09:18.373724,15803,Stačilo!,/sazeni/politika/cesko-volby-do-ps-2025-pardubicky-kraj/stacilo--MCZ192196853,,04.10. 14:00,75.0,-1.0
2025-09-29 06:09:18.373724,15804,Piráti,/sazeni/politika/cesko-volby-do-ps-2025-pardubicky-kraj/pirati-MCZ192196856,,04.10. 14:00,125.0,-1.0
2025-09-29 06:09:18.373724,15809,Motoristé sobě,/sazeni/politika/cesko-volby-do-ps-2025-pardubicky-kraj/motoriste-sobe-MCZ192196870,,04.10. 14:00,200.0,-1.0
2025-09-29 06:09:18.373724,15873,Přísaha,/sazeni/politika/cesko-volby-do-ps-2025-pardubicky-kraj/prisaha-MCZ192196871,,04.10. 14:00,500.0,-1.0
2025-09-29 07:07:15.641651,15655,ANO 2011,/sazeni/politika/cesko-volby-do-ps-2025-pardubicky-kraj/ano-2011-MCZ192196838,,04.10. 14:00,1.02,7.65
2025-09-29 07:07:15.641651,15703,SPOLU,/sazeni/politika/cesko-volby-do-ps-2025-pardubicky-kraj/spolu-MCZ192196840,,04.10. 14:00,8.5,1.01
2025-09-29 07:07:15.641651,15707,SPD,/sazeni/politika/cesko-volby-do-ps-2025-pardubicky-kraj/spd-MCZ192196842,,04.10. 14:00,30.0,-1.0
2025-09-29 07:07:15.641651,15771,STAN,/sazeni/politika/cesko-volby-do-ps-2025-pardubicky-kraj/stan-MCZ192196843,,04.10. 14:00,75.0,-1.0
2025-09-29 07:07:15.641651,15803,Stačilo!,/sazeni/politika/cesko-volby-do-ps-2025-pardubicky-kraj/stacilo--MCZ192196853,,04.10. 14:00,75.0,-1.0
2025-09-29 07:07:15.641651,15804,Piráti,/sazeni/politika/cesko-volby-do-ps-2025-pardubicky-kraj/pirati-MCZ192196856,,04.10. 14:00,125.0,-1.0
2025-09-29 07:07:15.641651,15809,Motoristé sobě,/sazeni/politika/cesko-volby-do-ps-2025-pardubicky-kraj/motoriste-sobe-MCZ192196870,,04.10. 14:00,200.0,-1.0
2025-09-29 07:07:15.641651,15873,Přísaha,/sazeni/politika/cesko-volby-do-ps-2025-pardubicky-kraj/prisaha-MCZ192196871,,04.10. 14:00,500.0,-1.0
2025-09-29 08:09:09.388046,15655,ANO 2011,/sazeni/politika/cesko-volby-do-ps-2025-pardubicky-kraj/ano-2011-MCZ192196838,,04.10. 14:00,1.02,7.65
2025-09-29 08:09:09.388046,15703,SPOLU,/sazeni/politika/cesko-volby-do-ps-2025-pardubicky-kraj/spolu-MCZ192196840,,04.10. 14:00,8.5,1.01
2025-09-29 08:09:09.388046,15707,SPD,/sazeni/politika/cesko-volby-do-ps-2025-pardubicky-kraj/spd-MCZ192196842,,04.10. 14:00,30.0,-1.0
2025-09-29 08:09:09.388046,15771,STAN,/sazeni/politika/cesko-volby-do-ps-2025-pardubicky-kraj/stan-MCZ192196843,,04.10. 14:00,75.0,-1.0
2025-09-29 08:09:09.388046,15803,Stačilo!,/sazeni/politika/cesko-volby-do-ps-2025-pardubicky-kraj/stacilo--MCZ192196853,,04.10. 14:00,75.0,-1.0
2025-09-29 08:09:09.388046,15804,Piráti,/sazeni/politika/cesko-volby-do-ps-2025-pardubicky-kraj/pirati-MCZ192196856,,04.10. 14:00,125.0,-1.0
2025-09-29 08:09:09.388046,15809,Motoristé sobě,/sazeni/politika/cesko-volby-do-ps-2025-pardubicky-kraj/motoriste-sobe-MCZ192196870,,04.10. 14:00,200.0,-1.0
2025-09-29 08:09:09.388046,15873,Přísaha,/sazeni/politika/cesko-volby-do-ps-2025-pardubicky-kraj/prisaha-MCZ192196871,,04.10. 14:00,500.0,-1.0
2025-09-29 09:07:47.667491,15655,ANO 2011,/sazeni/politika/cesko-volby-do-ps-2025-pardubicky-kraj/ano-2011-MCZ192196838,,04.10. 14:00,1.02,7.65
2025-09-29 09:07:47.667491,15703,SPOLU,/sazeni/politika/cesko-volby-do-ps-2025-pardubicky-kraj/spolu-MCZ192196840,,04.10. 14:00,8.5,1.01
2025-09-29 09:07:47.667491,15707,SPD,/sazeni/politika/cesko-volby-do-ps-2025-pardubicky-kraj/spd-MCZ192196842,,04.10. 14:00,30.0,-1.0
2025-09-29 09:07:47.667491,15771,STAN,/sazeni/politika/cesko-volby-do-ps-2025-pardubicky-kraj/stan-MCZ192196843,,04.10. 14:00,75.0,-1.0
2025-09-29 09:07:47.667491,15803,Stačilo!,/sazeni/politika/cesko-volby-do-ps-2025-pardubicky-kraj/stacilo--MCZ192196853,,04.10. 14:00,75.0,-1.0
2025-09-29 09:07:47.667491,15804,Piráti,/sazeni/politika/cesko-volby-do-ps-2025-pardubicky-kraj/pirati-MCZ192196856,,04.10. 14:00,125.0,-1.0
2025-09-29 09:07:47.667491,15809,Motoristé sobě,/sazeni/politika/cesko-volby-do-ps-2025-pardubicky-kraj/motoriste-sobe-MCZ192196870,,04.10. 14:00,200.0,-1.0
2025-09-29 09:07:47.667491,15873,Přísaha,/sazeni/politika/cesko-volby-do-ps-2025-pardubicky-kraj/prisaha-MCZ192196871,,04.10. 14:00,500.0,-1.0
2025-09-29 10:07:33.620114,15655,ANO 2011,/sazeni/politika/cesko-volby-do-ps-2025-pardubicky-kraj/ano-2011-MCZ192196838,,04.10. 14:00,1.02,7.65
2025-09-29 10:07:33.620114,15703,SPOLU,/sazeni/politika/cesko-volby-do-ps-2025-pardubicky-kraj/spolu-MCZ192196840,,04.10. 14:00,8.5,1.01
2025-09-29 10:07:33.620114,15707,SPD,/sazeni/politika/cesko-volby-do-ps-2025-pardubicky-kraj/spd-MCZ192196842,,04.10. 14:00,30.0,-1.0
2025-09-29 10:07:33.620114,15771,STAN,/sazeni/politika/cesko-volby-do-ps-2025-pardubicky-kraj/stan-MCZ192196843,,04.10. 14:00,75.0,-1.0
2025-09-29 10:07:33.620114,15803,Stačilo!,/sazeni/politika/cesko-volby-do-ps-2025-pardubicky-kraj/stacilo--MCZ192196853,,04.10. 14:00,75.0,-1.0
2025-09-29 10:07:33.620114,15804,Piráti,/sazeni/politika/cesko-volby-do-ps-2025-pardubicky-kraj/pirati-MCZ192196856,,04.10. 14:00,125.0,-1.0
2025-09-29 10:07:33.620114,15809,Motoristé sobě,/sazeni/politika/cesko-volby-do-ps-2025-pardubicky-kraj/motoriste-sobe-MCZ192196870,,04.10. 14:00,200.0,-1.0
2025-09-29 10:07:33.620114,15873,Přísaha,/sazeni/politika/cesko-volby-do-ps-2025-pardubicky-kraj/prisaha-MCZ192196871,,04.10. 14:00,500.0,-1.0
2025-09-29 11:05:56.725733,15655,ANO 2011,/sazeni/politika/cesko-volby-do-ps-2025-pardubicky-kraj/ano-2011-MCZ192196838,,04.10. 14:00,1.02,7.65
2025-09-29 11:05:56.725733,15703,SPOLU,/sazeni/politika/cesko-volby-do-ps-2025-pardubicky-kraj/spolu-MCZ192196840,,04.10. 14:00,8.5,1.01
2025-09-29 11:05:56.725733,15707,SPD,/sazeni/politika/cesko-volby-do-ps-2025-pardubicky-kraj/spd-MCZ192196842,,04.10. 14:00,30.0,-1.0
2025-09-29 11:05:56.725733,15771,STAN,/sazeni/politika/cesko-volby-do-ps-2025-pardubicky-kraj/stan-MCZ192196843,,04.10. 14:00,75.0,-1.0
2025-09-29 11:05:56.725733,15803,Stačilo!,/sazeni/politika/cesko-volby-do-ps-2025-pardubicky-kraj/stacilo--MCZ192196853,,04.10. 14:00,75.0,-1.0
2025-09-29 11:05:56.725733,15804,Piráti,/sazeni/politika/cesko-volby-do-ps-2025-pardubicky-kraj/pirati-MCZ192196856,,04.10. 14:00,125.0,-1.0
2025-09-29 11:05:56.725733,15809,Motoristé sobě,/sazeni/politika/cesko-volby-do-ps-2025-pardubicky-kraj/motoriste-sobe-MCZ192196870,,04.10. 14:00,200.0,-1.0
2025-09-29 11:05:56.725733,15873,Přísaha,/sazeni/politika/cesko-volby-do-ps-2025-pardubicky-kraj/prisaha-MCZ192196871,,04.10. 14:00,500.0,-1.0
2025-09-29 12:10:29.981722,15655,ANO 2011,/sazeni/politika/cesko-volby-do-ps-2025-pardubicky-kraj/ano-2011-MCZ192196838,,04.10. 14:00,1.02,7.65
2025-09-29 12:10:29.981722,15703,SPOLU,/sazeni/politika/cesko-volby-do-ps-2025-pardubicky-kraj/spolu-MCZ192196840,,04.10. 14:00,8.5,1.01
2025-09-29 12:10:29.981722,15707,SPD,/sazeni/politika/cesko-volby-do-ps-2025-pardubicky-kraj/spd-MCZ192196842,,04.10. 14:00,30.0,-1.0
2025-09-29 12:10:29.981722,15771,STAN,/sazeni/politika/cesko-volby-do-ps-2025-pardubicky-kraj/stan-MCZ192196843,,04.10. 14:00,75.0,-1.0
2025-09-29 12:10:29.981722,15803,Stačilo!,/sazeni/politika/cesko-volby-do-ps-2025-pardubicky-kraj/stacilo--MCZ192196853,,04.10. 14:00,75.0,-1.0
2025-09-29 12:10:29.981722,15804,Piráti,/sazeni/politika/cesko-volby-do-ps-2025-pardubicky-kraj/pirati-MCZ192196856,,04.10. 14:00,125.0,-1.0
2025-09-29 12:10:29.981722,15809,Motoristé sobě,/sazeni/politika/cesko-volby-do-ps-2025-pardubicky-kraj/motoriste-sobe-MCZ192196870,,04.10. 14:00,200.0,-1.0
2025-09-29 12:10:29.981722,15873,Přísaha,/sazeni/politika/cesko-volby-do-ps-2025-pardubicky-kraj/prisaha-MCZ192196871,,04.10. 14:00,500.0,-1.0
2025-09-29 13:14:24.205476,15655,ANO 2011,/sazeni/politika/cesko-volby-do-ps-2025-pardubicky-kraj/ano-2011-MCZ192196838,,04.10. 14:00,1.02,7.65
2025-09-29 13:14:24.205476,15703,SPOLU,/sazeni/politika/cesko-volby-do-ps-2025-pardubicky-kraj/spolu-MCZ192196840,,04.10. 14:00,8.5,1.01
2025-09-29 13:14:24.205476,15707,SPD,/sazeni/politika/cesko-volby-do-ps-2025-pardubicky-kraj/spd-MCZ192196842,,04.10. 14:00,30.0,-1.0
2025-09-29 13:14:24.205476,15771,STAN,/sazeni/politika/cesko-volby-do-ps-2025-pardubicky-kraj/stan-MCZ192196843,,04.10. 14:00,75.0,-1.0
2025-09-29 13:14:24.205476,15803,Stačilo!,/sazeni/politika/cesko-volby-do-ps-2025-pardubicky-kraj/stacilo--MCZ192196853,,04.10. 14:00,75.0,-1.0
2025-09-29 13:14:24.205476,15804,Piráti,/sazeni/politika/cesko-volby-do-ps-2025-pardubicky-kraj/pirati-MCZ192196856,,04.10. 14:00,125.0,-1.0
2025-09-29 13:14:24.205476,15809,Motoristé sobě,/sazeni/politika/cesko-volby-do-ps-2025-pardubicky-kraj/motoriste-sobe-MCZ192196870,,04.10. 14:00,200.0,-1.0
2025-09-29 13:14:24.205476,15873,Přísaha,/sazeni/politika/cesko-volby-do-ps-2025-pardubicky-kraj/prisaha-MCZ192196871,,04.10. 14:00,500.0,-1.0
2025-09-29 14:06:26.084481,15655,ANO 2011,/sazeni/politika/cesko-volby-do-ps-2025-pardubicky-kraj/ano-2011-MCZ192196838,,04.10. 14:00,1.02,7.65
2025-09-29 14:06:26.084481,15703,SPOLU,/sazeni/politika/cesko-volby-do-ps-2025-pardubicky-kraj/spolu-MCZ192196840,,04.10. 14:00,8.5,1.01
2025-09-29 14:06:26.084481,15707,SPD,/sazeni/politika/cesko-volby-do-ps-2025-pardubicky-kraj/spd-MCZ192196842,,04.10. 14:00,30.0,-1.0
2025-09-29 14:06:26.084481,15771,STAN,/sazeni/politika/cesko-volby-do-ps-2025-pardubicky-kraj/stan-MCZ192196843,,04.10. 14:00,75.0,-1.0
2025-09-29 14:06:26.084481,15803,Stačilo!,/sazeni/politika/cesko-volby-do-ps-2025-pardubicky-kraj/stacilo--MCZ192196853,,04.10. 14:00,75.0,-1.0
2025-09-29 14:06:26.084481,15804,Piráti,/sazeni/politika/cesko-volby-do-ps-2025-pardubicky-kraj/pirati-MCZ192196856,,04.10. 14:00,125.0,-1.0
2025-09-29 14:06:26.084481,15809,Motoristé sobě,/sazeni/politika/cesko-volby-do-ps-2025-pardubicky-kraj/motoriste-sobe-MCZ192196870,,04.10. 14:00,200.0,-1.0
2025-09-29 14:06:26.084481,15873,Přísaha,/sazeni/politika/cesko-volby-do-ps-2025-pardubicky-kraj/prisaha-MCZ192196871,,04.10. 14:00,500.0,-1.0
2025-09-29 15:06:19.445204,15655,ANO 2011,/sazeni/politika/cesko-volby-do-ps-2025-pardubicky-kraj/ano-2011-MCZ192196838,,04.10. 14:00,1.02,7.65
2025-09-29 15:06:19.445204,15703,SPOLU,/sazeni/politika/cesko-volby-do-ps-2025-pardubicky-kraj/spolu-MCZ192196840,,04.10. 14:00,8.5,1.01
2025-09-29 15:06:19.445204,15707,SPD,/sazeni/politika/cesko-volby-do-ps-2025-pardubicky-kraj/spd-MCZ192196842,,04.10. 14:00,30.0,-1.0
2025-09-29 15:06:19.445204,15771,STAN,/sazeni/politika/cesko-volby-do-ps-2025-pardubicky-kraj/stan-MCZ192196843,,04.10. 14:00,75.0,-1.0
2025-09-29 15:06:19.445204,15803,Stačilo!,/sazeni/politika/cesko-volby-do-ps-2025-pardubicky-kraj/stacilo--MCZ192196853,,04.10. 14:00,75.0,-1.0
2025-09-29 15:06:19.445204,15804,Piráti,/sazeni/politika/cesko-volby-do-ps-2025-pardubicky-kraj/pirati-MCZ192196856,,04.10. 14:00,125.0,-1.0
2025-09-29 15:06:19.445204,15809,Motoristé sobě,/sazeni/politika/cesko-volby-do-ps-2025-pardubicky-kraj/motoriste-sobe-MCZ192196870,,04.10. 14:00,200.0,-1.0
2025-09-29 15:06:19.445204,15873,Přísaha,/sazeni/politika/cesko-volby-do-ps-2025-pardubicky-kraj/prisaha-MCZ192196871,,04.10. 14:00,500.0,-1.0
2025-09-29 16:06:26.753693,15655,ANO 2011,/sazeni/politika/cesko-volby-do-ps-2025-pardubicky-kraj/ano-2011-MCZ192196838,,04.10. 14:00,1.02,7.65
2025-09-29 16:06:26.753693,15703,SPOLU,/sazeni/politika/cesko-volby-do-ps-2025-pardubicky-kraj/spolu-MCZ192196840,,04.10. 14:00,8.5,1.01
2025-09-29 16:06:26.753693,15707,SPD,/sazeni/politika/cesko-volby-do-ps-2025-pardubicky-kraj/spd-MCZ192196842,,04.10. 14:00,30.0,-1.0
2025-09-29 16:06:26.753693,15771,STAN,/sazeni/politika/cesko-volby-do-ps-2025-pardubicky-kraj/stan-MCZ192196843,,04.10. 14:00,75.0,-1.0
2025-09-29 16:06:26.753693,15803,Stačilo!,/sazeni/politika/cesko-volby-do-ps-2025-pardubicky-kraj/stacilo--MCZ192196853,,04.10. 14:00,75.0,-1.0
2025-09-29 16:06:26.753693,15804,Piráti,/sazeni/politika/cesko-volby-do-ps-2025-pardubicky-kraj/pirati-MCZ192196856,,04.10. 14:00,125.0,-1.0
2025-09-29 16:06:26.753693,15809,Motoristé sobě,/sazeni/politika/cesko-volby-do-ps-2025-pardubicky-kraj/motoriste-sobe-MCZ192196870,,04.10. 14:00,200.0,-1.0
2025-09-29 16:06:26.753693,15873,Přísaha,/sazeni/politika/cesko-volby-do-ps-2025-pardubicky-kraj/prisaha-MCZ192196871,,04.10. 14:00,500.0,-1.0
2025-09-29 17:06:27.632474,15655,ANO 2011,/sazeni/politika/cesko-volby-do-ps-2025-pardubicky-kraj/ano-2011-MCZ192196838,,04.10. 14:00,1.02,7.65
2025-09-29 17:06:27.632474,15703,SPOLU,/sazeni/politika/cesko-volby-do-ps-2025-pardubicky-kraj/spolu-MCZ192196840,,04.10. 14:00,8.5,1.01
2025-09-29 17:06:27.632474,15707,SPD,/sazeni/politika/cesko-volby-do-ps-2025-pardubicky-kraj/spd-MCZ192196842,,04.10. 14:00,30.0,-1.0
2025-09-29 17:06:27.632474,15771,STAN,/sazeni/politika/cesko-volby-do-ps-2025-pardubicky-kraj/stan-MCZ192196843,,04.10. 14:00,75.0,-1.0
2025-09-29 17:06:27.632474,15803,Stačilo!,/sazeni/politika/cesko-volby-do-ps-2025-pardubicky-kraj/stacilo--MCZ192196853,,04.10. 14:00,75.0,-1.0
2025-09-29 17:06:27.632474,15804,Piráti,/sazeni/politika/cesko-volby-do-ps-2025-pardubicky-kraj/pirati-MCZ192196856,,04.10. 14:00,125.0,-1.0
2025-09-29 17:06:27.632474,15809,Motoristé sobě,/sazeni/politika/cesko-volby-do-ps-2025-pardubicky-kraj/motoriste-sobe-MCZ192196870,,04.10. 14:00,200.0,-1.0
2025-09-29 17:06:27.632474,15873,Přísaha,/sazeni/politika/cesko-volby-do-ps-2025-pardubicky-kraj/prisaha-MCZ192196871,,04.10. 14:00,500.0,-1.0
2025-09-29 18:09:11.033784,15655,ANO 2011,/sazeni/politika/cesko-volby-do-ps-2025-pardubicky-kraj/ano-2011-MCZ192196838,,04.10. 14:00,1.02,7.65
2025-09-29 18:09:11.033784,15703,SPOLU,/sazeni/politika/cesko-volby-do-ps-2025-pardubicky-kraj/spolu-MCZ192196840,,04.10. 14:00,8.5,1.01
2025-09-29 18:09:11.033784,15707,SPD,/sazeni/politika/cesko-volby-do-ps-2025-pardubicky-kraj/spd-MCZ192196842,,04.10. 14:00,30.0,-1.0
2025-09-29 18:09:11.033784,15771,STAN,/sazeni/politika/cesko-volby-do-ps-2025-pardubicky-kraj/stan-MCZ192196843,,04.10. 14:00,75.0,-1.0
2025-09-29 18:09:11.033784,15803,Stačilo!,/sazeni/politika/cesko-volby-do-ps-2025-pardubicky-kraj/stacilo--MCZ192196853,,04.10. 14:00,75.0,-1.0
2025-09-29 18:09:11.033784,15804,Piráti,/sazeni/politika/cesko-volby-do-ps-2025-pardubicky-kraj/pirati-MCZ192196856,,04.10. 14:00,125.0,-1.0
2025-09-29 18:09:11.033784,15809,Motoristé sobě,/sazeni/politika/cesko-volby-do-ps-2025-pardubicky-kraj/motoriste-sobe-MCZ192196870,,04.10. 14:00,200.0,-1.0
2025-09-29 18:09:11.033784,15873,Přísaha,/sazeni/politika/cesko-volby-do-ps-2025-pardubicky-kraj/prisaha-MCZ192196871,,04.10. 14:00,500.0,-1.0
2025-09-29 19:05:41.890669,15655,ANO 2011,/sazeni/politika/cesko-volby-do-ps-2025-pardubicky-kraj/ano-2011-MCZ192196838,,04.10. 14:00,1.02,7.65
2025-09-29 19:05:41.890669,15703,SPOLU,/sazeni/politika/cesko-volby-do-ps-2025-pardubicky-kraj/spolu-MCZ192196840,,04.10. 14:00,8.5,1.01
2025-09-29 19:05:41.890669,15707,SPD,/sazeni/politika/cesko-volby-do-ps-2025-pardubicky-kraj/spd-MCZ192196842,,04.10. 14:00,30.0,-1.0
2025-09-29 19:05:41.890669,15771,STAN,/sazeni/politika/cesko-volby-do-ps-2025-pardubicky-kraj/stan-MCZ192196843,,04.10. 14:00,75.0,-1.0
2025-09-29 19:05:41.890669,15803,Stačilo!,/sazeni/politika/cesko-volby-do-ps-2025-pardubicky-kraj/stacilo--MCZ192196853,,04.10. 14:00,75.0,-1.0
2025-09-29 19:05:41.890669,15804,Piráti,/sazeni/politika/cesko-volby-do-ps-2025-pardubicky-kraj/pirati-MCZ192196856,,04.10. 14:00,125.0,-1.0
2025-09-29 19:05:41.890669,15809,Motoristé sobě,/sazeni/politika/cesko-volby-do-ps-2025-pardubicky-kraj/motoriste-sobe-MCZ192196870,,04.10. 14:00,200.0,-1.0
2025-09-29 19:05:41.890669,15873,Přísaha,/sazeni/politika/cesko-volby-do-ps-2025-pardubicky-kraj/prisaha-MCZ192196871,,04.10. 14:00,500.0,-1.0
2025-09-29 20:07:13.253837,15655,ANO 2011,/sazeni/politika/cesko-volby-do-ps-2025-pardubicky-kraj/ano-2011-MCZ192196838,,04.10. 14:00,1.02,7.65
2025-09-29 20:07:13.253837,15703,SPOLU,/sazeni/politika/cesko-volby-do-ps-2025-pardubicky-kraj/spolu-MCZ192196840,,04.10. 14:00,8.50,1.01
2025-09-29 20:07:13.253837,15707,SPD,/sazeni/politika/cesko-volby-do-ps-2025-pardubicky-kraj/spd-MCZ192196842,,04.10. 14:00,30.00,-1.00
2025-09-29 20:07:13.253837,15771,STAN,/sazeni/politika/cesko-volby-do-ps-2025-pardubicky-kraj/stan-MCZ192196843,,04.10. 14:00,75.00,-1.00
2025-09-29 20:07:13.253837,15803,Stačilo!,/sazeni/politika/cesko-volby-do-ps-2025-pardubicky-kraj/stacilo--MCZ192196853,,04.10. 14:00,75.00,-1.00
2025-09-29 20:07:13.253837,15804,Piráti,/sazeni/politika/cesko-volby-do-ps-2025-pardubicky-kraj/pirati-MCZ192196856,,04.10. 14:00,125.00,-1.00
2025-09-29 20:07:13.253837,15809,Motoristé sobě,/sazeni/politika/cesko-volby-do-ps-2025-pardubicky-kraj/motoriste-sobe-MCZ192196870,,04.10. 14:00,200.00,-1.00
2025-09-29 20:07:13.253837,15873,Přísaha,/sazeni/politika/cesko-volby-do-ps-2025-pardubicky-kraj/prisaha-MCZ192196871,,04.10. 14:00,500.00,-1.00
