date,event_info_number,event_name,event_link,odds,datum
2023-07-26 16:07:08.495816,7408,Smer,/stavkovanie/politika/slovensko-parlamentne-volby-2023-umiestnenie-do-2-miesta/smer-MSK78108995,1.08,6.21
2023-07-26 16:07:08.495816,7413,Progresívne Slovensko,/stavkovanie/politika/slovensko-parlamentne-volby-2023-umiestnenie-do-2-miesta/progresivne-slovensko-MSK78108996,1.22,3.74
2023-07-26 16:07:08.495816,7416,Hlas,/stavkovanie/politika/slovensko-parlamentne-volby-2023-umiestnenie-do-2-miesta/hlas-MSK78108999,3.50,1.25
2023-07-26 16:07:08.495816,7429,Republika,/stavkovanie/politika/slovensko-parlamentne-volby-2023-umiestnenie-do-2-miesta/republika-MSK78109000,12.00,-1.0
2023-07-26 16:07:08.495816,7432,OĽANO A PRIATELIA,/stavkovanie/politika/slovensko-parlamentne-volby-2023-umiestnenie-do-2-miesta/olano-a-priatelia-MSK78109001,20.00,-1.0
2023-07-26 16:07:08.495816,7447,SaS,/stavkovanie/politika/slovensko-parlamentne-volby-2023-umiestnenie-do-2-miesta/sas-MSK78109042,130.00,-1.0
2023-07-26 16:07:08.495816,7455,Sme rodina,/stavkovanie/politika/slovensko-parlamentne-volby-2023-umiestnenie-do-2-miesta/sme-rodina-MSK78109043,140.00,-1.0
2023-07-26 16:07:08.495816,7594,KDH,/stavkovanie/politika/slovensko-parlamentne-volby-2023-umiestnenie-do-2-miesta/kdh-MSK78109313,250.00,-1.0
2023-07-26 16:07:08.495816,7595,SNS,/stavkovanie/politika/slovensko-parlamentne-volby-2023-umiestnenie-do-2-miesta/sns-MSK78109314,300.00,-1.0
2023-07-26 16:07:08.495816,7598,Demokrati,/stavkovanie/politika/slovensko-parlamentne-volby-2023-umiestnenie-do-2-miesta/demokrati-MSK78109315,800.00,-1.0
2023-07-26 16:07:08.495816,7599,Aliancia,/stavkovanie/politika/slovensko-parlamentne-volby-2023-umiestnenie-do-2-miesta/aliancia-MSK78109316,1 000.00,-1.0
2023-07-26 16:07:08.495816,7607,ĽS Naše Slovensko,/stavkovanie/politika/slovensko-parlamentne-volby-2023-umiestnenie-do-2-miesta/ls-nase-slovensko-MSK78109317,1 500.00,-1.0
2023-07-26 16:07:08.495816,7608,"Modrí, Most – Híd",/stavkovanie/politika/slovensko-parlamentne-volby-2023-umiestnenie-do-2-miesta/modri-most-hid-MSK78109319,1 500.00,-1.0
2023-07-27 04:07:13.508414,7408,Smer,/stavkovanie/politika/slovensko-parlamentne-volby-2023-umiestnenie-do-2-miesta/smer-MSK78108995,1.08,6.21
2023-07-27 04:07:13.508414,7413,Progresívne Slovensko,/stavkovanie/politika/slovensko-parlamentne-volby-2023-umiestnenie-do-2-miesta/progresivne-slovensko-MSK78108996,1.22,3.74
2023-07-27 04:07:13.508414,7416,Hlas,/stavkovanie/politika/slovensko-parlamentne-volby-2023-umiestnenie-do-2-miesta/hlas-MSK78108999,3.50,1.25
2023-07-27 04:07:13.508414,7429,Republika,/stavkovanie/politika/slovensko-parlamentne-volby-2023-umiestnenie-do-2-miesta/republika-MSK78109000,12.00,-1.0
2023-07-27 04:07:13.508414,7432,OĽANO A PRIATELIA,/stavkovanie/politika/slovensko-parlamentne-volby-2023-umiestnenie-do-2-miesta/olano-a-priatelia-MSK78109001,20.00,-1.0
2023-07-27 04:07:13.508414,7447,SaS,/stavkovanie/politika/slovensko-parlamentne-volby-2023-umiestnenie-do-2-miesta/sas-MSK78109042,130.00,-1.0
2023-07-27 04:07:13.508414,7455,Sme rodina,/stavkovanie/politika/slovensko-parlamentne-volby-2023-umiestnenie-do-2-miesta/sme-rodina-MSK78109043,140.00,-1.0
2023-07-27 04:07:13.508414,7594,KDH,/stavkovanie/politika/slovensko-parlamentne-volby-2023-umiestnenie-do-2-miesta/kdh-MSK78109313,250.00,-1.0
2023-07-27 04:07:13.508414,7595,SNS,/stavkovanie/politika/slovensko-parlamentne-volby-2023-umiestnenie-do-2-miesta/sns-MSK78109314,300.00,-1.0
2023-07-27 04:07:13.508414,7598,Demokrati,/stavkovanie/politika/slovensko-parlamentne-volby-2023-umiestnenie-do-2-miesta/demokrati-MSK78109315,800.00,-1.0
2023-07-27 04:07:13.508414,7599,Aliancia,/stavkovanie/politika/slovensko-parlamentne-volby-2023-umiestnenie-do-2-miesta/aliancia-MSK78109316,1 000.00,-1.0
2023-07-27 04:07:13.508414,7607,ĽS Naše Slovensko,/stavkovanie/politika/slovensko-parlamentne-volby-2023-umiestnenie-do-2-miesta/ls-nase-slovensko-MSK78109317,1 500.00,-1.0
2023-07-27 04:07:13.508414,7608,"Modrí, Most – Híd",/stavkovanie/politika/slovensko-parlamentne-volby-2023-umiestnenie-do-2-miesta/modri-most-hid-MSK78109319,1 500.00,-1.0
2023-07-27 16:07:12.148111,7408,Smer,/stavkovanie/politika/slovensko-parlamentne-volby-2023-umiestnenie-do-2-miesta/smer-MSK78108995,1.04,7.97
2023-07-27 16:07:12.148111,7413,Progresívne Slovensko,/stavkovanie/politika/slovensko-parlamentne-volby-2023-umiestnenie-do-2-miesta/progresivne-slovensko-MSK78108996,1.20,3.94
2023-07-27 16:07:12.148111,7416,Hlas,/stavkovanie/politika/slovensko-parlamentne-volby-2023-umiestnenie-do-2-miesta/hlas-MSK78108999,4.00,1.19
2023-07-27 16:07:12.148111,7429,Republika,/stavkovanie/politika/slovensko-parlamentne-volby-2023-umiestnenie-do-2-miesta/republika-MSK78109000,12.00,-1.0
2023-07-27 16:07:12.148111,7432,OĽANO A PRIATELIA,/stavkovanie/politika/slovensko-parlamentne-volby-2023-umiestnenie-do-2-miesta/olano-a-priatelia-MSK78109001,20.00,-1.0
2023-07-27 16:07:12.148111,7447,SaS,/stavkovanie/politika/slovensko-parlamentne-volby-2023-umiestnenie-do-2-miesta/sas-MSK78109042,130.00,-1.0
2023-07-27 16:07:12.148111,7455,Sme rodina,/stavkovanie/politika/slovensko-parlamentne-volby-2023-umiestnenie-do-2-miesta/sme-rodina-MSK78109043,140.00,-1.0
2023-07-27 16:07:12.148111,7594,KDH,/stavkovanie/politika/slovensko-parlamentne-volby-2023-umiestnenie-do-2-miesta/kdh-MSK78109313,250.00,-1.0
2023-07-27 16:07:12.148111,7595,SNS,/stavkovanie/politika/slovensko-parlamentne-volby-2023-umiestnenie-do-2-miesta/sns-MSK78109314,300.00,-1.0
2023-07-27 16:07:12.148111,7598,Demokrati,/stavkovanie/politika/slovensko-parlamentne-volby-2023-umiestnenie-do-2-miesta/demokrati-MSK78109315,800.00,-1.0
2023-07-27 16:07:12.148111,7599,Aliancia,/stavkovanie/politika/slovensko-parlamentne-volby-2023-umiestnenie-do-2-miesta/aliancia-MSK78109316,1 000.00,-1.0
2023-07-27 16:07:12.148111,7607,ĽS Naše Slovensko,/stavkovanie/politika/slovensko-parlamentne-volby-2023-umiestnenie-do-2-miesta/ls-nase-slovensko-MSK78109317,1 500.00,-1.0
2023-07-27 16:07:12.148111,7608,"Modrí, Most – Híd",/stavkovanie/politika/slovensko-parlamentne-volby-2023-umiestnenie-do-2-miesta/modri-most-hid-MSK78109319,1 500.00,-1.0
2023-07-28 04:07:18.839081,7408,Smer,/stavkovanie/politika/slovensko-parlamentne-volby-2023-umiestnenie-do-2-miesta/smer-MSK78108995,1.04,7.97
2023-07-28 04:07:18.839081,7413,Progresívne Slovensko,/stavkovanie/politika/slovensko-parlamentne-volby-2023-umiestnenie-do-2-miesta/progresivne-slovensko-MSK78108996,1.20,3.94
2023-07-28 04:07:18.839081,7416,Hlas,/stavkovanie/politika/slovensko-parlamentne-volby-2023-umiestnenie-do-2-miesta/hlas-MSK78108999,4.00,1.19
2023-07-28 04:07:18.839081,7429,Republika,/stavkovanie/politika/slovensko-parlamentne-volby-2023-umiestnenie-do-2-miesta/republika-MSK78109000,12.00,-1.0
2023-07-28 04:07:18.839081,7432,OĽANO A PRIATELIA,/stavkovanie/politika/slovensko-parlamentne-volby-2023-umiestnenie-do-2-miesta/olano-a-priatelia-MSK78109001,20.00,-1.0
2023-07-28 04:07:18.839081,7447,SaS,/stavkovanie/politika/slovensko-parlamentne-volby-2023-umiestnenie-do-2-miesta/sas-MSK78109042,130.00,-1.0
2023-07-28 04:07:18.839081,7455,Sme rodina,/stavkovanie/politika/slovensko-parlamentne-volby-2023-umiestnenie-do-2-miesta/sme-rodina-MSK78109043,140.00,-1.0
2023-07-28 04:07:18.839081,7594,KDH,/stavkovanie/politika/slovensko-parlamentne-volby-2023-umiestnenie-do-2-miesta/kdh-MSK78109313,250.00,-1.0
2023-07-28 04:07:18.839081,7595,SNS,/stavkovanie/politika/slovensko-parlamentne-volby-2023-umiestnenie-do-2-miesta/sns-MSK78109314,300.00,-1.0
2023-07-28 04:07:18.839081,7598,Demokrati,/stavkovanie/politika/slovensko-parlamentne-volby-2023-umiestnenie-do-2-miesta/demokrati-MSK78109315,800.00,-1.0
2023-07-28 04:07:18.839081,7599,Aliancia,/stavkovanie/politika/slovensko-parlamentne-volby-2023-umiestnenie-do-2-miesta/aliancia-MSK78109316,1 000.00,-1.0
2023-07-28 04:07:18.839081,7607,ĽS Naše Slovensko,/stavkovanie/politika/slovensko-parlamentne-volby-2023-umiestnenie-do-2-miesta/ls-nase-slovensko-MSK78109317,1 500.00,-1.0
2023-07-28 04:07:18.839081,7608,"Modrí, Most – Híd",/stavkovanie/politika/slovensko-parlamentne-volby-2023-umiestnenie-do-2-miesta/modri-most-hid-MSK78109319,1 500.00,-1.0
2023-07-28 16:07:09.040723,7408,Smer,/stavkovanie/politika/slovensko-parlamentne-volby-2023-umiestnenie-do-2-miesta/smer-MSK78108995,1.04,7.97
2023-07-28 16:07:09.040723,7413,Progresívne Slovensko,/stavkovanie/politika/slovensko-parlamentne-volby-2023-umiestnenie-do-2-miesta/progresivne-slovensko-MSK78108996,1.20,3.94
2023-07-28 16:07:09.040723,7416,Hlas,/stavkovanie/politika/slovensko-parlamentne-volby-2023-umiestnenie-do-2-miesta/hlas-MSK78108999,4.20,1.18
2023-07-28 16:07:09.040723,7429,Republika,/stavkovanie/politika/slovensko-parlamentne-volby-2023-umiestnenie-do-2-miesta/republika-MSK78109000,12.00,-1.0
2023-07-28 16:07:09.040723,7432,OĽANO A PRIATELIA,/stavkovanie/politika/slovensko-parlamentne-volby-2023-umiestnenie-do-2-miesta/olano-a-priatelia-MSK78109001,20.00,-1.0
2023-07-28 16:07:09.040723,7447,SaS,/stavkovanie/politika/slovensko-parlamentne-volby-2023-umiestnenie-do-2-miesta/sas-MSK78109042,130.00,-1.0
2023-07-28 16:07:09.040723,7455,Sme rodina,/stavkovanie/politika/slovensko-parlamentne-volby-2023-umiestnenie-do-2-miesta/sme-rodina-MSK78109043,140.00,-1.0
2023-07-28 16:07:09.040723,7594,KDH,/stavkovanie/politika/slovensko-parlamentne-volby-2023-umiestnenie-do-2-miesta/kdh-MSK78109313,250.00,-1.0
2023-07-28 16:07:09.040723,7595,SNS,/stavkovanie/politika/slovensko-parlamentne-volby-2023-umiestnenie-do-2-miesta/sns-MSK78109314,300.00,-1.0
2023-07-28 16:07:09.040723,7598,Demokrati,/stavkovanie/politika/slovensko-parlamentne-volby-2023-umiestnenie-do-2-miesta/demokrati-MSK78109315,800.00,-1.0
2023-07-28 16:07:09.040723,7599,Aliancia,/stavkovanie/politika/slovensko-parlamentne-volby-2023-umiestnenie-do-2-miesta/aliancia-MSK78109316,1 000.00,-1.0
2023-07-28 16:07:09.040723,7607,ĽS Naše Slovensko,/stavkovanie/politika/slovensko-parlamentne-volby-2023-umiestnenie-do-2-miesta/ls-nase-slovensko-MSK78109317,1 500.00,-1.0
2023-07-28 16:07:09.040723,7608,"Modrí, Most – Híd",/stavkovanie/politika/slovensko-parlamentne-volby-2023-umiestnenie-do-2-miesta/modri-most-hid-MSK78109319,1 500.00,-1.0
2023-07-29 04:07:19.022343,7408,Smer,/stavkovanie/politika/slovensko-parlamentne-volby-2023-umiestnenie-do-2-miesta/smer-MSK78108995,1.04,7.97
2023-07-29 04:07:19.022343,7413,Progresívne Slovensko,/stavkovanie/politika/slovensko-parlamentne-volby-2023-umiestnenie-do-2-miesta/progresivne-slovensko-MSK78108996,1.20,3.94
2023-07-29 04:07:19.022343,7416,Hlas,/stavkovanie/politika/slovensko-parlamentne-volby-2023-umiestnenie-do-2-miesta/hlas-MSK78108999,4.20,1.18
2023-07-29 04:07:19.022343,7429,Republika,/stavkovanie/politika/slovensko-parlamentne-volby-2023-umiestnenie-do-2-miesta/republika-MSK78109000,12.00,-1.0
2023-07-29 04:07:19.022343,7432,OĽANO A PRIATELIA,/stavkovanie/politika/slovensko-parlamentne-volby-2023-umiestnenie-do-2-miesta/olano-a-priatelia-MSK78109001,20.00,-1.0
2023-07-29 04:07:19.022343,7447,SaS,/stavkovanie/politika/slovensko-parlamentne-volby-2023-umiestnenie-do-2-miesta/sas-MSK78109042,130.00,-1.0
2023-07-29 04:07:19.022343,7455,Sme rodina,/stavkovanie/politika/slovensko-parlamentne-volby-2023-umiestnenie-do-2-miesta/sme-rodina-MSK78109043,140.00,-1.0
2023-07-29 04:07:19.022343,7594,KDH,/stavkovanie/politika/slovensko-parlamentne-volby-2023-umiestnenie-do-2-miesta/kdh-MSK78109313,250.00,-1.0
2023-07-29 04:07:19.022343,7595,SNS,/stavkovanie/politika/slovensko-parlamentne-volby-2023-umiestnenie-do-2-miesta/sns-MSK78109314,300.00,-1.0
2023-07-29 04:07:19.022343,7598,Demokrati,/stavkovanie/politika/slovensko-parlamentne-volby-2023-umiestnenie-do-2-miesta/demokrati-MSK78109315,800.00,-1.0
2023-07-29 04:07:19.022343,7599,Aliancia,/stavkovanie/politika/slovensko-parlamentne-volby-2023-umiestnenie-do-2-miesta/aliancia-MSK78109316,1 000.00,-1.0
2023-07-29 04:07:19.022343,7607,ĽS Naše Slovensko,/stavkovanie/politika/slovensko-parlamentne-volby-2023-umiestnenie-do-2-miesta/ls-nase-slovensko-MSK78109317,1 500.00,-1.0
2023-07-29 04:07:19.022343,7608,"Modrí, Most – Híd",/stavkovanie/politika/slovensko-parlamentne-volby-2023-umiestnenie-do-2-miesta/modri-most-hid-MSK78109319,1 500.00,-1.0
2023-07-29 16:07:15.497376,7408,Smer,/stavkovanie/politika/slovensko-parlamentne-volby-2023-umiestnenie-do-2-miesta/smer-MSK78108995,1.06,6.97
2023-07-29 16:07:15.497376,7413,Progresívne Slovensko,/stavkovanie/politika/slovensko-parlamentne-volby-2023-umiestnenie-do-2-miesta/progresivne-slovensko-MSK78108996,1.25,3.48
2023-07-29 16:07:15.497376,7416,Hlas,/stavkovanie/politika/slovensko-parlamentne-volby-2023-umiestnenie-do-2-miesta/hlas-MSK78108999,3.33,1.27
2023-07-29 16:07:15.497376,7429,Republika,/stavkovanie/politika/slovensko-parlamentne-volby-2023-umiestnenie-do-2-miesta/republika-MSK78109000,12.00,-1.0
2023-07-29 16:07:15.497376,7432,OĽANO A PRIATELIA,/stavkovanie/politika/slovensko-parlamentne-volby-2023-umiestnenie-do-2-miesta/olano-a-priatelia-MSK78109001,20.00,-1.0
2023-07-29 16:07:15.497376,7447,SaS,/stavkovanie/politika/slovensko-parlamentne-volby-2023-umiestnenie-do-2-miesta/sas-MSK78109042,130.00,-1.0
2023-07-29 16:07:15.497376,7455,Sme rodina,/stavkovanie/politika/slovensko-parlamentne-volby-2023-umiestnenie-do-2-miesta/sme-rodina-MSK78109043,140.00,-1.0
2023-07-29 16:07:15.497376,7594,KDH,/stavkovanie/politika/slovensko-parlamentne-volby-2023-umiestnenie-do-2-miesta/kdh-MSK78109313,250.00,-1.0
2023-07-29 16:07:15.497376,7595,SNS,/stavkovanie/politika/slovensko-parlamentne-volby-2023-umiestnenie-do-2-miesta/sns-MSK78109314,300.00,-1.0
2023-07-29 16:07:15.497376,7598,Demokrati,/stavkovanie/politika/slovensko-parlamentne-volby-2023-umiestnenie-do-2-miesta/demokrati-MSK78109315,800.00,-1.0
2023-07-29 16:07:15.497376,7599,Aliancia,/stavkovanie/politika/slovensko-parlamentne-volby-2023-umiestnenie-do-2-miesta/aliancia-MSK78109316,1 000.00,-1.0
2023-07-29 16:07:15.497376,7607,ĽS Naše Slovensko,/stavkovanie/politika/slovensko-parlamentne-volby-2023-umiestnenie-do-2-miesta/ls-nase-slovensko-MSK78109317,1 500.00,-1.0
2023-07-29 16:07:15.497376,7608,"Modrí, Most – Híd",/stavkovanie/politika/slovensko-parlamentne-volby-2023-umiestnenie-do-2-miesta/modri-most-hid-MSK78109319,1 500.00,-1.0
2023-07-30 04:07:24.816840,7408,Smer,/stavkovanie/politika/slovensko-parlamentne-volby-2023-umiestnenie-do-2-miesta/smer-MSK78108995,1.06,6.97
2023-07-30 04:07:24.816840,7413,Progresívne Slovensko,/stavkovanie/politika/slovensko-parlamentne-volby-2023-umiestnenie-do-2-miesta/progresivne-slovensko-MSK78108996,1.25,3.48
2023-07-30 04:07:24.816840,7416,Hlas,/stavkovanie/politika/slovensko-parlamentne-volby-2023-umiestnenie-do-2-miesta/hlas-MSK78108999,3.33,1.27
2023-07-30 04:07:24.816840,7429,Republika,/stavkovanie/politika/slovensko-parlamentne-volby-2023-umiestnenie-do-2-miesta/republika-MSK78109000,12.00,-1.0
2023-07-30 04:07:24.816840,7432,OĽANO A PRIATELIA,/stavkovanie/politika/slovensko-parlamentne-volby-2023-umiestnenie-do-2-miesta/olano-a-priatelia-MSK78109001,20.00,-1.0
2023-07-30 04:07:24.816840,7447,SaS,/stavkovanie/politika/slovensko-parlamentne-volby-2023-umiestnenie-do-2-miesta/sas-MSK78109042,130.00,-1.0
2023-07-30 04:07:24.816840,7455,Sme rodina,/stavkovanie/politika/slovensko-parlamentne-volby-2023-umiestnenie-do-2-miesta/sme-rodina-MSK78109043,140.00,-1.0
2023-07-30 04:07:24.816840,7594,KDH,/stavkovanie/politika/slovensko-parlamentne-volby-2023-umiestnenie-do-2-miesta/kdh-MSK78109313,250.00,-1.0
2023-07-30 04:07:24.816840,7595,SNS,/stavkovanie/politika/slovensko-parlamentne-volby-2023-umiestnenie-do-2-miesta/sns-MSK78109314,300.00,-1.0
2023-07-30 04:07:24.816840,7598,Demokrati,/stavkovanie/politika/slovensko-parlamentne-volby-2023-umiestnenie-do-2-miesta/demokrati-MSK78109315,800.00,-1.0
2023-07-30 04:07:24.816840,7599,Aliancia,/stavkovanie/politika/slovensko-parlamentne-volby-2023-umiestnenie-do-2-miesta/aliancia-MSK78109316,1 000.00,-1.0
2023-07-30 04:07:24.816840,7607,ĽS Naše Slovensko,/stavkovanie/politika/slovensko-parlamentne-volby-2023-umiestnenie-do-2-miesta/ls-nase-slovensko-MSK78109317,1 500.00,-1.0
2023-07-30 04:07:24.816840,7608,"Modrí, Most – Híd",/stavkovanie/politika/slovensko-parlamentne-volby-2023-umiestnenie-do-2-miesta/modri-most-hid-MSK78109319,1 500.00,-1.0
2023-07-30 16:07:02.059491,7408,Smer,/stavkovanie/politika/slovensko-parlamentne-volby-2023-umiestnenie-do-2-miesta/smer-MSK78108995,1.06,6.97
2023-07-30 16:07:02.059491,7413,Progresívne Slovensko,/stavkovanie/politika/slovensko-parlamentne-volby-2023-umiestnenie-do-2-miesta/progresivne-slovensko-MSK78108996,1.25,3.48
2023-07-30 16:07:02.059491,7416,Hlas,/stavkovanie/politika/slovensko-parlamentne-volby-2023-umiestnenie-do-2-miesta/hlas-MSK78108999,3.33,1.27
2023-07-30 16:07:02.059491,7429,Republika,/stavkovanie/politika/slovensko-parlamentne-volby-2023-umiestnenie-do-2-miesta/republika-MSK78109000,12.00,-1.0
2023-07-30 16:07:02.059491,7432,OĽANO A PRIATELIA,/stavkovanie/politika/slovensko-parlamentne-volby-2023-umiestnenie-do-2-miesta/olano-a-priatelia-MSK78109001,20.00,-1.0
2023-07-30 16:07:02.059491,7447,SaS,/stavkovanie/politika/slovensko-parlamentne-volby-2023-umiestnenie-do-2-miesta/sas-MSK78109042,130.00,-1.0
2023-07-30 16:07:02.059491,7455,Sme rodina,/stavkovanie/politika/slovensko-parlamentne-volby-2023-umiestnenie-do-2-miesta/sme-rodina-MSK78109043,140.00,-1.0
2023-07-30 16:07:02.059491,7594,KDH,/stavkovanie/politika/slovensko-parlamentne-volby-2023-umiestnenie-do-2-miesta/kdh-MSK78109313,250.00,-1.0
2023-07-30 16:07:02.059491,7595,SNS,/stavkovanie/politika/slovensko-parlamentne-volby-2023-umiestnenie-do-2-miesta/sns-MSK78109314,300.00,-1.0
2023-07-30 16:07:02.059491,7598,Demokrati,/stavkovanie/politika/slovensko-parlamentne-volby-2023-umiestnenie-do-2-miesta/demokrati-MSK78109315,800.00,-1.0
2023-07-30 16:07:02.059491,7599,Aliancia,/stavkovanie/politika/slovensko-parlamentne-volby-2023-umiestnenie-do-2-miesta/aliancia-MSK78109316,1 000.00,-1.0
2023-07-30 16:07:02.059491,7607,ĽS Naše Slovensko,/stavkovanie/politika/slovensko-parlamentne-volby-2023-umiestnenie-do-2-miesta/ls-nase-slovensko-MSK78109317,1 500.00,-1.0
2023-07-30 16:07:02.059491,7608,"Modrí, Most – Híd",/stavkovanie/politika/slovensko-parlamentne-volby-2023-umiestnenie-do-2-miesta/modri-most-hid-MSK78109319,1 500.00,-1.0
2023-07-31 04:07:40.124047,7408,Smer,/stavkovanie/politika/slovensko-parlamentne-volby-2023-umiestnenie-do-2-miesta/smer-MSK78108995,1.06,6.97
2023-07-31 04:07:40.124047,7413,Progresívne Slovensko,/stavkovanie/politika/slovensko-parlamentne-volby-2023-umiestnenie-do-2-miesta/progresivne-slovensko-MSK78108996,1.33,2.98
2023-07-31 04:07:40.124047,7416,Hlas,/stavkovanie/politika/slovensko-parlamentne-volby-2023-umiestnenie-do-2-miesta/hlas-MSK78108999,3.15,1.3
2023-07-31 04:07:40.124047,7429,Republika,/stavkovanie/politika/slovensko-parlamentne-volby-2023-umiestnenie-do-2-miesta/republika-MSK78109000,12.00,-1.0
2023-07-31 04:07:40.124047,7432,OĽANO A PRIATELIA,/stavkovanie/politika/slovensko-parlamentne-volby-2023-umiestnenie-do-2-miesta/olano-a-priatelia-MSK78109001,22.00,-1.0
2023-07-31 04:07:40.124047,7447,SaS,/stavkovanie/politika/slovensko-parlamentne-volby-2023-umiestnenie-do-2-miesta/sas-MSK78109042,130.00,-1.0
2023-07-31 04:07:40.124047,7455,Sme rodina,/stavkovanie/politika/slovensko-parlamentne-volby-2023-umiestnenie-do-2-miesta/sme-rodina-MSK78109043,140.00,-1.0
2023-07-31 04:07:40.124047,7594,KDH,/stavkovanie/politika/slovensko-parlamentne-volby-2023-umiestnenie-do-2-miesta/kdh-MSK78109313,250.00,-1.0
2023-07-31 04:07:40.124047,7595,SNS,/stavkovanie/politika/slovensko-parlamentne-volby-2023-umiestnenie-do-2-miesta/sns-MSK78109314,300.00,-1.0
2023-07-31 04:07:40.124047,7598,Demokrati,/stavkovanie/politika/slovensko-parlamentne-volby-2023-umiestnenie-do-2-miesta/demokrati-MSK78109315,800.00,-1.0
2023-07-31 04:07:40.124047,7599,Aliancia,/stavkovanie/politika/slovensko-parlamentne-volby-2023-umiestnenie-do-2-miesta/aliancia-MSK78109316,1 000.00,-1.0
2023-07-31 04:07:40.124047,7607,ĽS Naše Slovensko,/stavkovanie/politika/slovensko-parlamentne-volby-2023-umiestnenie-do-2-miesta/ls-nase-slovensko-MSK78109317,1 500.00,-1.0
2023-07-31 04:07:40.124047,7608,"Modrí, Most – Híd",/stavkovanie/politika/slovensko-parlamentne-volby-2023-umiestnenie-do-2-miesta/modri-most-hid-MSK78109319,1 500.00,-1.0
2023-07-31 16:07:21.050111,7408,Smer,/stavkovanie/politika/slovensko-parlamentne-volby-2023-umiestnenie-do-2-miesta/smer-MSK78108995,1.06,6.97
2023-07-31 16:07:21.050111,7413,Progresívne Slovensko,/stavkovanie/politika/slovensko-parlamentne-volby-2023-umiestnenie-do-2-miesta/progresivne-slovensko-MSK78108996,1.33,2.98
2023-07-31 16:07:21.050111,7416,Hlas,/stavkovanie/politika/slovensko-parlamentne-volby-2023-umiestnenie-do-2-miesta/hlas-MSK78108999,3.15,1.3
2023-07-31 16:07:21.050111,7429,Republika,/stavkovanie/politika/slovensko-parlamentne-volby-2023-umiestnenie-do-2-miesta/republika-MSK78109000,12.00,-1.0
2023-07-31 16:07:21.050111,7432,OĽANO A PRIATELIA,/stavkovanie/politika/slovensko-parlamentne-volby-2023-umiestnenie-do-2-miesta/olano-a-priatelia-MSK78109001,22.00,-1.0
2023-07-31 16:07:21.050111,7447,SaS,/stavkovanie/politika/slovensko-parlamentne-volby-2023-umiestnenie-do-2-miesta/sas-MSK78109042,130.00,-1.0
2023-07-31 16:07:21.050111,7455,Sme rodina,/stavkovanie/politika/slovensko-parlamentne-volby-2023-umiestnenie-do-2-miesta/sme-rodina-MSK78109043,140.00,-1.0
2023-07-31 16:07:21.050111,7594,KDH,/stavkovanie/politika/slovensko-parlamentne-volby-2023-umiestnenie-do-2-miesta/kdh-MSK78109313,250.00,-1.0
2023-07-31 16:07:21.050111,7595,SNS,/stavkovanie/politika/slovensko-parlamentne-volby-2023-umiestnenie-do-2-miesta/sns-MSK78109314,300.00,-1.0
2023-07-31 16:07:21.050111,7598,Demokrati,/stavkovanie/politika/slovensko-parlamentne-volby-2023-umiestnenie-do-2-miesta/demokrati-MSK78109315,800.00,-1.0
2023-07-31 16:07:21.050111,7599,Aliancia,/stavkovanie/politika/slovensko-parlamentne-volby-2023-umiestnenie-do-2-miesta/aliancia-MSK78109316,1 000.00,-1.0
2023-07-31 16:07:21.050111,7607,ĽS Naše Slovensko,/stavkovanie/politika/slovensko-parlamentne-volby-2023-umiestnenie-do-2-miesta/ls-nase-slovensko-MSK78109317,1 500.00,-1.0
2023-07-31 16:07:21.050111,7608,"Modrí, Most – Híd",/stavkovanie/politika/slovensko-parlamentne-volby-2023-umiestnenie-do-2-miesta/modri-most-hid-MSK78109319,1 500.00,-1.0
2023-08-01 04:07:34.893026,7408,Smer,/stavkovanie/politika/slovensko-parlamentne-volby-2023-umiestnenie-do-2-miesta/smer-MSK78108995,1.06,6.97
2023-08-01 04:07:34.893026,7413,Progresívne Slovensko,/stavkovanie/politika/slovensko-parlamentne-volby-2023-umiestnenie-do-2-miesta/progresivne-slovensko-MSK78108996,1.33,2.98
2023-08-01 04:07:34.893026,7416,Hlas,/stavkovanie/politika/slovensko-parlamentne-volby-2023-umiestnenie-do-2-miesta/hlas-MSK78108999,3.15,1.3
2023-08-01 04:07:34.893026,7429,Republika,/stavkovanie/politika/slovensko-parlamentne-volby-2023-umiestnenie-do-2-miesta/republika-MSK78109000,12.00,-1.0
2023-08-01 04:07:34.893026,7432,OĽANO A PRIATELIA,/stavkovanie/politika/slovensko-parlamentne-volby-2023-umiestnenie-do-2-miesta/olano-a-priatelia-MSK78109001,22.00,-1.0
2023-08-01 04:07:34.893026,7447,SaS,/stavkovanie/politika/slovensko-parlamentne-volby-2023-umiestnenie-do-2-miesta/sas-MSK78109042,130.00,-1.0
2023-08-01 04:07:34.893026,7455,Sme rodina,/stavkovanie/politika/slovensko-parlamentne-volby-2023-umiestnenie-do-2-miesta/sme-rodina-MSK78109043,140.00,-1.0
2023-08-01 04:07:34.893026,7594,KDH,/stavkovanie/politika/slovensko-parlamentne-volby-2023-umiestnenie-do-2-miesta/kdh-MSK78109313,250.00,-1.0
2023-08-01 04:07:34.893026,7595,SNS,/stavkovanie/politika/slovensko-parlamentne-volby-2023-umiestnenie-do-2-miesta/sns-MSK78109314,300.00,-1.0
2023-08-01 04:07:34.893026,7598,Demokrati,/stavkovanie/politika/slovensko-parlamentne-volby-2023-umiestnenie-do-2-miesta/demokrati-MSK78109315,800.00,-1.0
2023-08-01 04:07:34.893026,7599,Aliancia,/stavkovanie/politika/slovensko-parlamentne-volby-2023-umiestnenie-do-2-miesta/aliancia-MSK78109316,1 000.00,-1.0
2023-08-01 04:07:34.893026,7607,ĽS Naše Slovensko,/stavkovanie/politika/slovensko-parlamentne-volby-2023-umiestnenie-do-2-miesta/ls-nase-slovensko-MSK78109317,1 500.00,-1.0
2023-08-01 04:07:34.893026,7608,"Modrí, Most – Híd",/stavkovanie/politika/slovensko-parlamentne-volby-2023-umiestnenie-do-2-miesta/modri-most-hid-MSK78109319,1 500.00,-1.0
2023-08-01 16:07:24.954984,7408,Smer,/stavkovanie/politika/slovensko-parlamentne-volby-2023-umiestnenie-do-2-miesta/smer-MSK78108995,1.05,7.43
2023-08-01 16:07:24.954984,7413,Progresívne Slovensko,/stavkovanie/politika/slovensko-parlamentne-volby-2023-umiestnenie-do-2-miesta/progresivne-slovensko-MSK78108996,1.25,3.48
2023-08-01 16:07:24.954984,7416,Hlas,/stavkovanie/politika/slovensko-parlamentne-volby-2023-umiestnenie-do-2-miesta/hlas-MSK78108999,4.00,1.19
2023-08-01 16:07:24.954984,7429,Republika,/stavkovanie/politika/slovensko-parlamentne-volby-2023-umiestnenie-do-2-miesta/republika-MSK78109000,15.00,-1.0
2023-08-01 16:07:24.954984,7432,OĽANO A PRIATELIA,/stavkovanie/politika/slovensko-parlamentne-volby-2023-umiestnenie-do-2-miesta/olano-a-priatelia-MSK78109001,15.00,-1.0
2023-08-01 16:07:24.954984,7447,SaS,/stavkovanie/politika/slovensko-parlamentne-volby-2023-umiestnenie-do-2-miesta/sas-MSK78109042,130.00,-1.0
2023-08-01 16:07:24.954984,7455,Sme rodina,/stavkovanie/politika/slovensko-parlamentne-volby-2023-umiestnenie-do-2-miesta/sme-rodina-MSK78109043,140.00,-1.0
2023-08-01 16:07:24.954984,7594,KDH,/stavkovanie/politika/slovensko-parlamentne-volby-2023-umiestnenie-do-2-miesta/kdh-MSK78109313,250.00,-1.0
2023-08-01 16:07:24.954984,7595,SNS,/stavkovanie/politika/slovensko-parlamentne-volby-2023-umiestnenie-do-2-miesta/sns-MSK78109314,300.00,-1.0
2023-08-01 16:07:24.954984,7598,Demokrati,/stavkovanie/politika/slovensko-parlamentne-volby-2023-umiestnenie-do-2-miesta/demokrati-MSK78109315,800.00,-1.0
2023-08-01 16:07:24.954984,7599,Aliancia,/stavkovanie/politika/slovensko-parlamentne-volby-2023-umiestnenie-do-2-miesta/aliancia-MSK78109316,1 000.00,-1.0
2023-08-01 16:07:24.954984,7607,ĽS Naše Slovensko,/stavkovanie/politika/slovensko-parlamentne-volby-2023-umiestnenie-do-2-miesta/ls-nase-slovensko-MSK78109317,1 500.00,-1.0
2023-08-01 16:07:24.954984,7608,"Modrí, Most – Híd",/stavkovanie/politika/slovensko-parlamentne-volby-2023-umiestnenie-do-2-miesta/modri-most-hid-MSK78109319,1 500.00,-1.0
2023-08-02 04:07:26.095657,7408,Smer,/stavkovanie/politika/slovensko-parlamentne-volby-2023-umiestnenie-do-2-miesta/smer-MSK78108995,1.05,7.43
2023-08-02 04:07:26.095657,7413,Progresívne Slovensko,/stavkovanie/politika/slovensko-parlamentne-volby-2023-umiestnenie-do-2-miesta/progresivne-slovensko-MSK78108996,1.25,3.48
2023-08-02 04:07:26.095657,7416,Hlas,/stavkovanie/politika/slovensko-parlamentne-volby-2023-umiestnenie-do-2-miesta/hlas-MSK78108999,4.00,1.19
2023-08-02 04:07:26.095657,7429,Republika,/stavkovanie/politika/slovensko-parlamentne-volby-2023-umiestnenie-do-2-miesta/republika-MSK78109000,15.00,-1.0
2023-08-02 04:07:26.095657,7432,OĽANO A PRIATELIA,/stavkovanie/politika/slovensko-parlamentne-volby-2023-umiestnenie-do-2-miesta/olano-a-priatelia-MSK78109001,15.00,-1.0
2023-08-02 04:07:26.095657,7447,SaS,/stavkovanie/politika/slovensko-parlamentne-volby-2023-umiestnenie-do-2-miesta/sas-MSK78109042,130.00,-1.0
2023-08-02 04:07:26.095657,7455,Sme rodina,/stavkovanie/politika/slovensko-parlamentne-volby-2023-umiestnenie-do-2-miesta/sme-rodina-MSK78109043,140.00,-1.0
2023-08-02 04:07:26.095657,7594,KDH,/stavkovanie/politika/slovensko-parlamentne-volby-2023-umiestnenie-do-2-miesta/kdh-MSK78109313,250.00,-1.0
2023-08-02 04:07:26.095657,7595,SNS,/stavkovanie/politika/slovensko-parlamentne-volby-2023-umiestnenie-do-2-miesta/sns-MSK78109314,300.00,-1.0
2023-08-02 04:07:26.095657,7598,Demokrati,/stavkovanie/politika/slovensko-parlamentne-volby-2023-umiestnenie-do-2-miesta/demokrati-MSK78109315,800.00,-1.0
2023-08-02 04:07:26.095657,7599,Aliancia,/stavkovanie/politika/slovensko-parlamentne-volby-2023-umiestnenie-do-2-miesta/aliancia-MSK78109316,1 000.00,-1.0
2023-08-02 04:07:26.095657,7607,ĽS Naše Slovensko,/stavkovanie/politika/slovensko-parlamentne-volby-2023-umiestnenie-do-2-miesta/ls-nase-slovensko-MSK78109317,1 500.00,-1.0
2023-08-02 04:07:26.095657,7608,"Modrí, Most – Híd",/stavkovanie/politika/slovensko-parlamentne-volby-2023-umiestnenie-do-2-miesta/modri-most-hid-MSK78109319,1 500.00,-1.0
2023-08-02 16:07:14.811132,7408,Smer,/stavkovanie/politika/slovensko-parlamentne-volby-2023-umiestnenie-do-2-miesta/smer-MSK78108995,1.05,7.43
2023-08-02 16:07:14.811132,7413,Progresívne Slovensko,/stavkovanie/politika/slovensko-parlamentne-volby-2023-umiestnenie-do-2-miesta/progresivne-slovensko-MSK78108996,1.25,3.48
2023-08-02 16:07:14.811132,7416,Hlas,/stavkovanie/politika/slovensko-parlamentne-volby-2023-umiestnenie-do-2-miesta/hlas-MSK78108999,4.00,1.19
2023-08-02 16:07:14.811132,7429,Republika,/stavkovanie/politika/slovensko-parlamentne-volby-2023-umiestnenie-do-2-miesta/republika-MSK78109000,15.00,-1.0
2023-08-02 16:07:14.811132,7432,OĽANO A PRIATELIA,/stavkovanie/politika/slovensko-parlamentne-volby-2023-umiestnenie-do-2-miesta/olano-a-priatelia-MSK78109001,15.00,-1.0
2023-08-02 16:07:14.811132,7447,SaS,/stavkovanie/politika/slovensko-parlamentne-volby-2023-umiestnenie-do-2-miesta/sas-MSK78109042,130.00,-1.0
2023-08-02 16:07:14.811132,7455,Sme rodina,/stavkovanie/politika/slovensko-parlamentne-volby-2023-umiestnenie-do-2-miesta/sme-rodina-MSK78109043,140.00,-1.0
2023-08-02 16:07:14.811132,7594,KDH,/stavkovanie/politika/slovensko-parlamentne-volby-2023-umiestnenie-do-2-miesta/kdh-MSK78109313,250.00,-1.0
2023-08-02 16:07:14.811132,7595,SNS,/stavkovanie/politika/slovensko-parlamentne-volby-2023-umiestnenie-do-2-miesta/sns-MSK78109314,300.00,-1.0
2023-08-02 16:07:14.811132,7598,Demokrati,/stavkovanie/politika/slovensko-parlamentne-volby-2023-umiestnenie-do-2-miesta/demokrati-MSK78109315,800.00,-1.0
2023-08-02 16:07:14.811132,7599,Aliancia,/stavkovanie/politika/slovensko-parlamentne-volby-2023-umiestnenie-do-2-miesta/aliancia-MSK78109316,1 000.00,-1.0
2023-08-02 16:07:14.811132,7607,ĽS Naše Slovensko,/stavkovanie/politika/slovensko-parlamentne-volby-2023-umiestnenie-do-2-miesta/ls-nase-slovensko-MSK78109317,1 500.00,-1.0
2023-08-02 16:07:14.811132,7608,"Modrí, Most – Híd",/stavkovanie/politika/slovensko-parlamentne-volby-2023-umiestnenie-do-2-miesta/modri-most-hid-MSK78109319,1 500.00,-1.0
2023-08-03 04:07:16.176549,7408,Smer,/stavkovanie/politika/slovensko-parlamentne-volby-2023-umiestnenie-do-2-miesta/smer-MSK78108995,1.05,7.43
2023-08-03 04:07:16.176549,7413,Progresívne Slovensko,/stavkovanie/politika/slovensko-parlamentne-volby-2023-umiestnenie-do-2-miesta/progresivne-slovensko-MSK78108996,1.25,3.48
2023-08-03 04:07:16.176549,7416,Hlas,/stavkovanie/politika/slovensko-parlamentne-volby-2023-umiestnenie-do-2-miesta/hlas-MSK78108999,4.00,1.19
2023-08-03 04:07:16.176549,7429,Republika,/stavkovanie/politika/slovensko-parlamentne-volby-2023-umiestnenie-do-2-miesta/republika-MSK78109000,15.00,-1.0
2023-08-03 04:07:16.176549,7432,OĽANO A PRIATELIA,/stavkovanie/politika/slovensko-parlamentne-volby-2023-umiestnenie-do-2-miesta/olano-a-priatelia-MSK78109001,15.00,-1.0
2023-08-03 04:07:16.176549,7447,SaS,/stavkovanie/politika/slovensko-parlamentne-volby-2023-umiestnenie-do-2-miesta/sas-MSK78109042,130.00,-1.0
2023-08-03 04:07:16.176549,7455,Sme rodina,/stavkovanie/politika/slovensko-parlamentne-volby-2023-umiestnenie-do-2-miesta/sme-rodina-MSK78109043,140.00,-1.0
2023-08-03 04:07:16.176549,7594,KDH,/stavkovanie/politika/slovensko-parlamentne-volby-2023-umiestnenie-do-2-miesta/kdh-MSK78109313,250.00,-1.0
2023-08-03 04:07:16.176549,7595,SNS,/stavkovanie/politika/slovensko-parlamentne-volby-2023-umiestnenie-do-2-miesta/sns-MSK78109314,300.00,-1.0
2023-08-03 04:07:16.176549,7598,Demokrati,/stavkovanie/politika/slovensko-parlamentne-volby-2023-umiestnenie-do-2-miesta/demokrati-MSK78109315,800.00,-1.0
2023-08-03 04:07:16.176549,7599,Aliancia,/stavkovanie/politika/slovensko-parlamentne-volby-2023-umiestnenie-do-2-miesta/aliancia-MSK78109316,1 000.00,-1.0
2023-08-03 04:07:16.176549,7607,ĽS Naše Slovensko,/stavkovanie/politika/slovensko-parlamentne-volby-2023-umiestnenie-do-2-miesta/ls-nase-slovensko-MSK78109317,1 500.00,-1.0
2023-08-03 04:07:16.176549,7608,"Modrí, Most – Híd",/stavkovanie/politika/slovensko-parlamentne-volby-2023-umiestnenie-do-2-miesta/modri-most-hid-MSK78109319,1 500.00,-1.0
2023-08-03 16:07:05.733416,7408,Smer,/stavkovanie/politika/slovensko-parlamentne-volby-2023-umiestnenie-do-2-miesta/smer-MSK78108995,1.05,7.43
2023-08-03 16:07:05.733416,7413,Progresívne Slovensko,/stavkovanie/politika/slovensko-parlamentne-volby-2023-umiestnenie-do-2-miesta/progresivne-slovensko-MSK78108996,1.25,3.48
2023-08-03 16:07:05.733416,7416,Hlas,/stavkovanie/politika/slovensko-parlamentne-volby-2023-umiestnenie-do-2-miesta/hlas-MSK78108999,4.00,1.19
2023-08-03 16:07:05.733416,7429,Republika,/stavkovanie/politika/slovensko-parlamentne-volby-2023-umiestnenie-do-2-miesta/republika-MSK78109000,15.00,-1.0
2023-08-03 16:07:05.733416,7432,OĽANO A PRIATELIA,/stavkovanie/politika/slovensko-parlamentne-volby-2023-umiestnenie-do-2-miesta/olano-a-priatelia-MSK78109001,17.00,-1.0
2023-08-03 16:07:05.733416,7447,SaS,/stavkovanie/politika/slovensko-parlamentne-volby-2023-umiestnenie-do-2-miesta/sas-MSK78109042,130.00,-1.0
2023-08-03 16:07:05.733416,7455,Sme rodina,/stavkovanie/politika/slovensko-parlamentne-volby-2023-umiestnenie-do-2-miesta/sme-rodina-MSK78109043,150.00,-1.0
2023-08-03 16:07:05.733416,7594,KDH,/stavkovanie/politika/slovensko-parlamentne-volby-2023-umiestnenie-do-2-miesta/kdh-MSK78109313,250.00,-1.0
2023-08-03 16:07:05.733416,7595,SNS,/stavkovanie/politika/slovensko-parlamentne-volby-2023-umiestnenie-do-2-miesta/sns-MSK78109314,250.00,-1.0
2023-08-03 16:07:05.733416,7598,Demokrati,/stavkovanie/politika/slovensko-parlamentne-volby-2023-umiestnenie-do-2-miesta/demokrati-MSK78109315,1 000.00,-1.0
2023-08-03 16:07:05.733416,7599,Aliancia,/stavkovanie/politika/slovensko-parlamentne-volby-2023-umiestnenie-do-2-miesta/aliancia-MSK78109316,1 000.00,-1.0
2023-08-03 16:07:05.733416,7607,ĽS Naše Slovensko,/stavkovanie/politika/slovensko-parlamentne-volby-2023-umiestnenie-do-2-miesta/ls-nase-slovensko-MSK78109317,1 500.00,-1.0
2023-08-03 16:07:05.733416,7608,"Modrí, Most – Híd",/stavkovanie/politika/slovensko-parlamentne-volby-2023-umiestnenie-do-2-miesta/modri-most-hid-MSK78109319,1 500.00,-1.0
2023-08-04 04:07:06.650290,7408,Smer,/stavkovanie/politika/slovensko-parlamentne-volby-2023-umiestnenie-do-2-miesta/smer-MSK78108995,1.05,7.43
2023-08-04 04:07:06.650290,7413,Progresívne Slovensko,/stavkovanie/politika/slovensko-parlamentne-volby-2023-umiestnenie-do-2-miesta/progresivne-slovensko-MSK78108996,1.25,3.48
2023-08-04 04:07:06.650290,7416,Hlas,/stavkovanie/politika/slovensko-parlamentne-volby-2023-umiestnenie-do-2-miesta/hlas-MSK78108999,4.00,1.19
2023-08-04 04:07:06.650290,7429,Republika,/stavkovanie/politika/slovensko-parlamentne-volby-2023-umiestnenie-do-2-miesta/republika-MSK78109000,15.00,-1.0
2023-08-04 04:07:06.650290,7432,OĽANO A PRIATELIA,/stavkovanie/politika/slovensko-parlamentne-volby-2023-umiestnenie-do-2-miesta/olano-a-priatelia-MSK78109001,17.00,-1.0
2023-08-04 04:07:06.650290,7447,SaS,/stavkovanie/politika/slovensko-parlamentne-volby-2023-umiestnenie-do-2-miesta/sas-MSK78109042,130.00,-1.0
2023-08-04 04:07:06.650290,7455,Sme rodina,/stavkovanie/politika/slovensko-parlamentne-volby-2023-umiestnenie-do-2-miesta/sme-rodina-MSK78109043,150.00,-1.0
2023-08-04 04:07:06.650290,7594,KDH,/stavkovanie/politika/slovensko-parlamentne-volby-2023-umiestnenie-do-2-miesta/kdh-MSK78109313,250.00,-1.0
2023-08-04 04:07:06.650290,7595,SNS,/stavkovanie/politika/slovensko-parlamentne-volby-2023-umiestnenie-do-2-miesta/sns-MSK78109314,250.00,-1.0
2023-08-04 04:07:06.650290,7598,Demokrati,/stavkovanie/politika/slovensko-parlamentne-volby-2023-umiestnenie-do-2-miesta/demokrati-MSK78109315,1 000.00,-1.0
2023-08-04 04:07:06.650290,7599,Aliancia,/stavkovanie/politika/slovensko-parlamentne-volby-2023-umiestnenie-do-2-miesta/aliancia-MSK78109316,1 000.00,-1.0
2023-08-04 04:07:06.650290,7607,ĽS Naše Slovensko,/stavkovanie/politika/slovensko-parlamentne-volby-2023-umiestnenie-do-2-miesta/ls-nase-slovensko-MSK78109317,1 500.00,-1.0
2023-08-04 04:07:06.650290,7608,"Modrí, Most – Híd",/stavkovanie/politika/slovensko-parlamentne-volby-2023-umiestnenie-do-2-miesta/modri-most-hid-MSK78109319,1 500.00,-1.0
2023-08-04 16:07:18.063470,7408,Smer,/stavkovanie/politika/slovensko-parlamentne-volby-2023-umiestnenie-do-2-miesta/smer-MSK78108995,1.05,7.43
2023-08-04 16:07:18.063470,7413,Progresívne Slovensko,/stavkovanie/politika/slovensko-parlamentne-volby-2023-umiestnenie-do-2-miesta/progresivne-slovensko-MSK78108996,1.28,3.27
2023-08-04 16:07:18.063470,7416,Hlas,/stavkovanie/politika/slovensko-parlamentne-volby-2023-umiestnenie-do-2-miesta/hlas-MSK78108999,4.00,1.19
2023-08-04 16:07:18.063470,7429,Republika,/stavkovanie/politika/slovensko-parlamentne-volby-2023-umiestnenie-do-2-miesta/republika-MSK78109000,15.00,-1.0
2023-08-04 16:07:18.063470,7432,OĽANO A PRIATELIA,/stavkovanie/politika/slovensko-parlamentne-volby-2023-umiestnenie-do-2-miesta/olano-a-priatelia-MSK78109001,15.00,-1.0
2023-08-04 16:07:18.063470,7447,SaS,/stavkovanie/politika/slovensko-parlamentne-volby-2023-umiestnenie-do-2-miesta/sas-MSK78109042,130.00,-1.0
2023-08-04 16:07:18.063470,7455,Sme rodina,/stavkovanie/politika/slovensko-parlamentne-volby-2023-umiestnenie-do-2-miesta/sme-rodina-MSK78109043,150.00,-1.0
2023-08-04 16:07:18.063470,7594,KDH,/stavkovanie/politika/slovensko-parlamentne-volby-2023-umiestnenie-do-2-miesta/kdh-MSK78109313,250.00,-1.0
2023-08-04 16:07:18.063470,7595,SNS,/stavkovanie/politika/slovensko-parlamentne-volby-2023-umiestnenie-do-2-miesta/sns-MSK78109314,250.00,-1.0
2023-08-04 16:07:18.063470,7598,Demokrati,/stavkovanie/politika/slovensko-parlamentne-volby-2023-umiestnenie-do-2-miesta/demokrati-MSK78109315,1 000.00,-1.0
2023-08-04 16:07:18.063470,7599,Aliancia,/stavkovanie/politika/slovensko-parlamentne-volby-2023-umiestnenie-do-2-miesta/aliancia-MSK78109316,1 000.00,-1.0
2023-08-04 16:07:18.063470,7607,ĽS Naše Slovensko,/stavkovanie/politika/slovensko-parlamentne-volby-2023-umiestnenie-do-2-miesta/ls-nase-slovensko-MSK78109317,1 500.00,-1.0
2023-08-04 16:07:18.063470,7608,"Modrí, Most – Híd",/stavkovanie/politika/slovensko-parlamentne-volby-2023-umiestnenie-do-2-miesta/modri-most-hid-MSK78109319,1 500.00,-1.0
2023-08-05 04:07:24.069001,7408,Smer,/stavkovanie/politika/slovensko-parlamentne-volby-2023-umiestnenie-do-2-miesta/smer-MSK78108995,1.05,7.43
2023-08-05 04:07:24.069001,7413,Progresívne Slovensko,/stavkovanie/politika/slovensko-parlamentne-volby-2023-umiestnenie-do-2-miesta/progresivne-slovensko-MSK78108996,1.28,3.27
2023-08-05 04:07:24.069001,7416,Hlas,/stavkovanie/politika/slovensko-parlamentne-volby-2023-umiestnenie-do-2-miesta/hlas-MSK78108999,4.00,1.19
2023-08-05 04:07:24.069001,7429,Republika,/stavkovanie/politika/slovensko-parlamentne-volby-2023-umiestnenie-do-2-miesta/republika-MSK78109000,15.00,-1.0
2023-08-05 04:07:24.069001,7432,OĽANO A PRIATELIA,/stavkovanie/politika/slovensko-parlamentne-volby-2023-umiestnenie-do-2-miesta/olano-a-priatelia-MSK78109001,15.00,-1.0
2023-08-05 04:07:24.069001,7447,SaS,/stavkovanie/politika/slovensko-parlamentne-volby-2023-umiestnenie-do-2-miesta/sas-MSK78109042,130.00,-1.0
2023-08-05 04:07:24.069001,7455,Sme rodina,/stavkovanie/politika/slovensko-parlamentne-volby-2023-umiestnenie-do-2-miesta/sme-rodina-MSK78109043,150.00,-1.0
2023-08-05 04:07:24.069001,7594,KDH,/stavkovanie/politika/slovensko-parlamentne-volby-2023-umiestnenie-do-2-miesta/kdh-MSK78109313,250.00,-1.0
2023-08-05 04:07:24.069001,7595,SNS,/stavkovanie/politika/slovensko-parlamentne-volby-2023-umiestnenie-do-2-miesta/sns-MSK78109314,250.00,-1.0
2023-08-05 04:07:24.069001,7598,Demokrati,/stavkovanie/politika/slovensko-parlamentne-volby-2023-umiestnenie-do-2-miesta/demokrati-MSK78109315,1 000.00,-1.0
2023-08-05 04:07:24.069001,7599,Aliancia,/stavkovanie/politika/slovensko-parlamentne-volby-2023-umiestnenie-do-2-miesta/aliancia-MSK78109316,1 000.00,-1.0
2023-08-05 04:07:24.069001,7607,ĽS Naše Slovensko,/stavkovanie/politika/slovensko-parlamentne-volby-2023-umiestnenie-do-2-miesta/ls-nase-slovensko-MSK78109317,1 500.00,-1.0
2023-08-05 04:07:24.069001,7608,"Modrí, Most – Híd",/stavkovanie/politika/slovensko-parlamentne-volby-2023-umiestnenie-do-2-miesta/modri-most-hid-MSK78109319,1 500.00,-1.0
2023-08-05 16:07:12.266019,7408,Smer,/stavkovanie/politika/slovensko-parlamentne-volby-2023-umiestnenie-do-2-miesta/smer-MSK78108995,1.05,7.43
2023-08-05 16:07:12.266019,7413,Progresívne Slovensko,/stavkovanie/politika/slovensko-parlamentne-volby-2023-umiestnenie-do-2-miesta/progresivne-slovensko-MSK78108996,1.20,3.94
2023-08-05 16:07:12.266019,7416,Hlas,/stavkovanie/politika/slovensko-parlamentne-volby-2023-umiestnenie-do-2-miesta/hlas-MSK78108999,5.00,1.13
2023-08-05 16:07:12.266019,7429,Republika,/stavkovanie/politika/slovensko-parlamentne-volby-2023-umiestnenie-do-2-miesta/republika-MSK78109000,15.00,-1.0
2023-08-05 16:07:12.266019,7432,OĽANO A PRIATELIA,/stavkovanie/politika/slovensko-parlamentne-volby-2023-umiestnenie-do-2-miesta/olano-a-priatelia-MSK78109001,15.00,-1.0
2023-08-05 16:07:12.266019,7447,SaS,/stavkovanie/politika/slovensko-parlamentne-volby-2023-umiestnenie-do-2-miesta/sas-MSK78109042,130.00,-1.0
2023-08-05 16:07:12.266019,7455,Sme rodina,/stavkovanie/politika/slovensko-parlamentne-volby-2023-umiestnenie-do-2-miesta/sme-rodina-MSK78109043,150.00,-1.0
2023-08-05 16:07:12.266019,7594,KDH,/stavkovanie/politika/slovensko-parlamentne-volby-2023-umiestnenie-do-2-miesta/kdh-MSK78109313,250.00,-1.0
2023-08-05 16:07:12.266019,7595,SNS,/stavkovanie/politika/slovensko-parlamentne-volby-2023-umiestnenie-do-2-miesta/sns-MSK78109314,250.00,-1.0
2023-08-05 16:07:12.266019,7598,Demokrati,/stavkovanie/politika/slovensko-parlamentne-volby-2023-umiestnenie-do-2-miesta/demokrati-MSK78109315,1 000.00,-1.0
2023-08-05 16:07:12.266019,7599,Aliancia,/stavkovanie/politika/slovensko-parlamentne-volby-2023-umiestnenie-do-2-miesta/aliancia-MSK78109316,1 000.00,-1.0
2023-08-05 16:07:12.266019,7607,ĽS Naše Slovensko,/stavkovanie/politika/slovensko-parlamentne-volby-2023-umiestnenie-do-2-miesta/ls-nase-slovensko-MSK78109317,1 500.00,-1.0
2023-08-05 16:07:12.266019,7608,"Modrí, Most – Híd",/stavkovanie/politika/slovensko-parlamentne-volby-2023-umiestnenie-do-2-miesta/modri-most-hid-MSK78109319,1 500.00,-1.0
2023-08-06 04:07:02.482317,7408,Smer,/stavkovanie/politika/slovensko-parlamentne-volby-2023-umiestnenie-do-2-miesta/smer-MSK78108995,1.05,7.43
2023-08-06 04:07:02.482317,7413,Progresívne Slovensko,/stavkovanie/politika/slovensko-parlamentne-volby-2023-umiestnenie-do-2-miesta/progresivne-slovensko-MSK78108996,1.20,3.94
2023-08-06 04:07:02.482317,7416,Hlas,/stavkovanie/politika/slovensko-parlamentne-volby-2023-umiestnenie-do-2-miesta/hlas-MSK78108999,5.00,1.13
2023-08-06 04:07:02.482317,7429,Republika,/stavkovanie/politika/slovensko-parlamentne-volby-2023-umiestnenie-do-2-miesta/republika-MSK78109000,15.00,-1.0
2023-08-06 04:07:02.482317,7432,OĽANO A PRIATELIA,/stavkovanie/politika/slovensko-parlamentne-volby-2023-umiestnenie-do-2-miesta/olano-a-priatelia-MSK78109001,15.00,-1.0
2023-08-06 04:07:02.482317,7447,SaS,/stavkovanie/politika/slovensko-parlamentne-volby-2023-umiestnenie-do-2-miesta/sas-MSK78109042,130.00,-1.0
2023-08-06 04:07:02.482317,7455,Sme rodina,/stavkovanie/politika/slovensko-parlamentne-volby-2023-umiestnenie-do-2-miesta/sme-rodina-MSK78109043,150.00,-1.0
2023-08-06 04:07:02.482317,7594,KDH,/stavkovanie/politika/slovensko-parlamentne-volby-2023-umiestnenie-do-2-miesta/kdh-MSK78109313,250.00,-1.0
2023-08-06 04:07:02.482317,7595,SNS,/stavkovanie/politika/slovensko-parlamentne-volby-2023-umiestnenie-do-2-miesta/sns-MSK78109314,250.00,-1.0
2023-08-06 04:07:02.482317,7598,Demokrati,/stavkovanie/politika/slovensko-parlamentne-volby-2023-umiestnenie-do-2-miesta/demokrati-MSK78109315,1 000.00,-1.0
2023-08-06 04:07:02.482317,7599,Aliancia,/stavkovanie/politika/slovensko-parlamentne-volby-2023-umiestnenie-do-2-miesta/aliancia-MSK78109316,1 000.00,-1.0
2023-08-06 04:07:02.482317,7607,ĽS Naše Slovensko,/stavkovanie/politika/slovensko-parlamentne-volby-2023-umiestnenie-do-2-miesta/ls-nase-slovensko-MSK78109317,1 500.00,-1.0
2023-08-06 04:07:02.482317,7608,"Modrí, Most – Híd",/stavkovanie/politika/slovensko-parlamentne-volby-2023-umiestnenie-do-2-miesta/modri-most-hid-MSK78109319,1 500.00,-1.0
2023-08-06 16:07:17.266251,7408,Smer,/stavkovanie/politika/slovensko-parlamentne-volby-2023-umiestnenie-do-2-miesta/smer-MSK78108995,1.05,7.43
2023-08-06 16:07:17.266251,7413,Progresívne Slovensko,/stavkovanie/politika/slovensko-parlamentne-volby-2023-umiestnenie-do-2-miesta/progresivne-slovensko-MSK78108996,1.20,3.94
2023-08-06 16:07:17.266251,7416,Hlas,/stavkovanie/politika/slovensko-parlamentne-volby-2023-umiestnenie-do-2-miesta/hlas-MSK78108999,5.00,1.13
2023-08-06 16:07:17.266251,7429,Republika,/stavkovanie/politika/slovensko-parlamentne-volby-2023-umiestnenie-do-2-miesta/republika-MSK78109000,15.00,-1.0
2023-08-06 16:07:17.266251,7432,OĽANO A PRIATELIA,/stavkovanie/politika/slovensko-parlamentne-volby-2023-umiestnenie-do-2-miesta/olano-a-priatelia-MSK78109001,15.00,-1.0
2023-08-06 16:07:17.266251,7447,SaS,/stavkovanie/politika/slovensko-parlamentne-volby-2023-umiestnenie-do-2-miesta/sas-MSK78109042,130.00,-1.0
2023-08-06 16:07:17.266251,7455,Sme rodina,/stavkovanie/politika/slovensko-parlamentne-volby-2023-umiestnenie-do-2-miesta/sme-rodina-MSK78109043,150.00,-1.0
2023-08-06 16:07:17.266251,7594,KDH,/stavkovanie/politika/slovensko-parlamentne-volby-2023-umiestnenie-do-2-miesta/kdh-MSK78109313,250.00,-1.0
2023-08-06 16:07:17.266251,7595,SNS,/stavkovanie/politika/slovensko-parlamentne-volby-2023-umiestnenie-do-2-miesta/sns-MSK78109314,250.00,-1.0
2023-08-06 16:07:17.266251,7598,Demokrati,/stavkovanie/politika/slovensko-parlamentne-volby-2023-umiestnenie-do-2-miesta/demokrati-MSK78109315,1 000.00,-1.0
2023-08-06 16:07:17.266251,7599,Aliancia,/stavkovanie/politika/slovensko-parlamentne-volby-2023-umiestnenie-do-2-miesta/aliancia-MSK78109316,1 000.00,-1.0
2023-08-06 16:07:17.266251,7607,ĽS Naše Slovensko,/stavkovanie/politika/slovensko-parlamentne-volby-2023-umiestnenie-do-2-miesta/ls-nase-slovensko-MSK78109317,1 500.00,-1.0
2023-08-06 16:07:17.266251,7608,"Modrí, Most – Híd",/stavkovanie/politika/slovensko-parlamentne-volby-2023-umiestnenie-do-2-miesta/modri-most-hid-MSK78109319,1 500.00,-1.0
2023-08-07 04:07:15.991824,7408,Smer,/stavkovanie/politika/slovensko-parlamentne-volby-2023-umiestnenie-do-2-miesta/smer-MSK78108995,1.05,7.43
2023-08-07 04:07:15.991824,7413,Progresívne Slovensko,/stavkovanie/politika/slovensko-parlamentne-volby-2023-umiestnenie-do-2-miesta/progresivne-slovensko-MSK78108996,1.20,3.94
2023-08-07 04:07:15.991824,7416,Hlas,/stavkovanie/politika/slovensko-parlamentne-volby-2023-umiestnenie-do-2-miesta/hlas-MSK78108999,5.00,1.13
2023-08-07 04:07:15.991824,7429,Republika,/stavkovanie/politika/slovensko-parlamentne-volby-2023-umiestnenie-do-2-miesta/republika-MSK78109000,15.00,-1.0
2023-08-07 04:07:15.991824,7432,OĽANO A PRIATELIA,/stavkovanie/politika/slovensko-parlamentne-volby-2023-umiestnenie-do-2-miesta/olano-a-priatelia-MSK78109001,15.00,-1.0
2023-08-07 04:07:15.991824,7447,SaS,/stavkovanie/politika/slovensko-parlamentne-volby-2023-umiestnenie-do-2-miesta/sas-MSK78109042,130.00,-1.0
2023-08-07 04:07:15.991824,7455,Sme rodina,/stavkovanie/politika/slovensko-parlamentne-volby-2023-umiestnenie-do-2-miesta/sme-rodina-MSK78109043,150.00,-1.0
2023-08-07 04:07:15.991824,7594,KDH,/stavkovanie/politika/slovensko-parlamentne-volby-2023-umiestnenie-do-2-miesta/kdh-MSK78109313,250.00,-1.0
2023-08-07 04:07:15.991824,7595,SNS,/stavkovanie/politika/slovensko-parlamentne-volby-2023-umiestnenie-do-2-miesta/sns-MSK78109314,250.00,-1.0
2023-08-07 04:07:15.991824,7598,Demokrati,/stavkovanie/politika/slovensko-parlamentne-volby-2023-umiestnenie-do-2-miesta/demokrati-MSK78109315,1 000.00,-1.0
2023-08-07 04:07:15.991824,7599,Aliancia,/stavkovanie/politika/slovensko-parlamentne-volby-2023-umiestnenie-do-2-miesta/aliancia-MSK78109316,1 000.00,-1.0
2023-08-07 04:07:15.991824,7607,ĽS Naše Slovensko,/stavkovanie/politika/slovensko-parlamentne-volby-2023-umiestnenie-do-2-miesta/ls-nase-slovensko-MSK78109317,1 500.00,-1.0
2023-08-07 04:07:15.991824,7608,"Modrí, Most – Híd",/stavkovanie/politika/slovensko-parlamentne-volby-2023-umiestnenie-do-2-miesta/modri-most-hid-MSK78109319,1 500.00,-1.0
2023-08-07 16:07:28.272364,7408,Smer,/stavkovanie/politika/slovensko-parlamentne-volby-2023-umiestnenie-do-2-miesta/smer-MSK78108995,1.04,7.97
2023-08-07 16:07:28.272364,7413,Progresívne Slovensko,/stavkovanie/politika/slovensko-parlamentne-volby-2023-umiestnenie-do-2-miesta/progresivne-slovensko-MSK78108996,1.20,3.94
2023-08-07 16:07:28.272364,7416,Hlas,/stavkovanie/politika/slovensko-parlamentne-volby-2023-umiestnenie-do-2-miesta/hlas-MSK78108999,5.00,1.13
2023-08-07 16:07:28.272364,7429,Republika,/stavkovanie/politika/slovensko-parlamentne-volby-2023-umiestnenie-do-2-miesta/republika-MSK78109000,15.00,-1.0
2023-08-07 16:07:28.272364,7432,OĽANO A PRIATELIA,/stavkovanie/politika/slovensko-parlamentne-volby-2023-umiestnenie-do-2-miesta/olano-a-priatelia-MSK78109001,15.00,-1.0
2023-08-07 16:07:28.272364,7447,SaS,/stavkovanie/politika/slovensko-parlamentne-volby-2023-umiestnenie-do-2-miesta/sas-MSK78109042,130.00,-1.0
2023-08-07 16:07:28.272364,7455,Sme rodina,/stavkovanie/politika/slovensko-parlamentne-volby-2023-umiestnenie-do-2-miesta/sme-rodina-MSK78109043,150.00,-1.0
2023-08-07 16:07:28.272364,7594,KDH,/stavkovanie/politika/slovensko-parlamentne-volby-2023-umiestnenie-do-2-miesta/kdh-MSK78109313,250.00,-1.0
2023-08-07 16:07:28.272364,7595,SNS,/stavkovanie/politika/slovensko-parlamentne-volby-2023-umiestnenie-do-2-miesta/sns-MSK78109314,250.00,-1.0
2023-08-07 16:07:28.272364,7598,Demokrati,/stavkovanie/politika/slovensko-parlamentne-volby-2023-umiestnenie-do-2-miesta/demokrati-MSK78109315,1 000.00,-1.0
2023-08-07 16:07:28.272364,7599,Aliancia,/stavkovanie/politika/slovensko-parlamentne-volby-2023-umiestnenie-do-2-miesta/aliancia-MSK78109316,1 000.00,-1.0
2023-08-07 16:07:28.272364,7607,ĽS Naše Slovensko,/stavkovanie/politika/slovensko-parlamentne-volby-2023-umiestnenie-do-2-miesta/ls-nase-slovensko-MSK78109317,1 500.00,-1.0
2023-08-07 16:07:28.272364,7608,"Modrí, Most – Híd",/stavkovanie/politika/slovensko-parlamentne-volby-2023-umiestnenie-do-2-miesta/modri-most-hid-MSK78109319,1 500.00,-1.0
2023-08-08 16:07:18.531311,7408,Smer,/stavkovanie/politika/slovensko-parlamentne-volby-2023-umiestnenie-do-2-miesta/smer-MSK78108995,1.04,7.97
2023-08-08 16:07:18.531311,7413,Progresívne Slovensko,/stavkovanie/politika/slovensko-parlamentne-volby-2023-umiestnenie-do-2-miesta/progresivne-slovensko-MSK78108996,1.15,4.60
2023-08-08 16:07:18.531311,7416,Hlas,/stavkovanie/politika/slovensko-parlamentne-volby-2023-umiestnenie-do-2-miesta/hlas-MSK78108999,6.00,1.09
2023-08-08 16:07:18.531311,7429,Republika,/stavkovanie/politika/slovensko-parlamentne-volby-2023-umiestnenie-do-2-miesta/republika-MSK78109000,13.00,-1.00
2023-08-08 16:07:18.531311,7432,OĽANO A PRIATELIA,/stavkovanie/politika/slovensko-parlamentne-volby-2023-umiestnenie-do-2-miesta/olano-a-priatelia-MSK78109001,13.00,-1.00
2023-08-08 16:07:18.531311,7447,SaS,/stavkovanie/politika/slovensko-parlamentne-volby-2023-umiestnenie-do-2-miesta/sas-MSK78109042,125.00,-1.00
2023-08-08 16:07:18.531311,7455,Sme rodina,/stavkovanie/politika/slovensko-parlamentne-volby-2023-umiestnenie-do-2-miesta/sme-rodina-MSK78109043,150.00,-1.00
2023-08-08 16:07:18.531311,7594,KDH,/stavkovanie/politika/slovensko-parlamentne-volby-2023-umiestnenie-do-2-miesta/kdh-MSK78109313,250.00,-1.00
2023-08-08 16:07:18.531311,7595,SNS,/stavkovanie/politika/slovensko-parlamentne-volby-2023-umiestnenie-do-2-miesta/sns-MSK78109314,250.00,-1.00
2023-08-08 16:07:18.531311,7598,Demokrati,/stavkovanie/politika/slovensko-parlamentne-volby-2023-umiestnenie-do-2-miesta/demokrati-MSK78109315,1 000.00,-1.00
2023-08-08 16:07:18.531311,7599,Aliancia,/stavkovanie/politika/slovensko-parlamentne-volby-2023-umiestnenie-do-2-miesta/aliancia-MSK78109316,1 000.00,-1.00
2023-08-08 16:07:18.531311,7607,ĽS Naše Slovensko,/stavkovanie/politika/slovensko-parlamentne-volby-2023-umiestnenie-do-2-miesta/ls-nase-slovensko-MSK78109317,1 500.00,-1.00
2023-08-08 16:07:18.531311,7608,"Modrí, Most – Híd",/stavkovanie/politika/slovensko-parlamentne-volby-2023-umiestnenie-do-2-miesta/modri-most-hid-MSK78109319,1 500.00,-1.00
