date,event_info_number,event_name,event_link,header1,header2,odd1,odd2,datum
2023-08-14 01:55:40.736944,25679,Menej / Viac,/stavkovanie/politika/slovensko-parlamentne-volby-2023-volebna-ucast-v-/less-more-MSK78961365,- 60.01,+ 60.01,2.73,1.4,30.09. 07:00
2023-08-14 01:55:40.736944,25684,Menej / Viac,/stavkovanie/politika/slovensko-parlamentne-volby-2023-volebna-ucast-v-/less-more-MSK78961375,- 62.51,+ 62.51,1.9,1.8,30.09. 07:00
2023-08-14 01:55:40.736944,25688,Menej / Viac,/stavkovanie/politika/slovensko-parlamentne-volby-2023-volebna-ucast-v-/less-more-MSK78961399,- 65.01,+ 65.01,1.39,2.77,30.09. 07:00
2023-08-14 04:07:43.392179,25679,Menej / Viac,/stavkovanie/politika/slovensko-parlamentne-volby-2023-volebna-ucast-v-/less-more-MSK78961365,- 60.01,+ 60.01,2.73,1.4,30.09. 07:00
2023-08-14 04:07:43.392179,25684,Menej / Viac,/stavkovanie/politika/slovensko-parlamentne-volby-2023-volebna-ucast-v-/less-more-MSK78961375,- 62.51,+ 62.51,1.9,1.8,30.09. 07:00
2023-08-14 04:07:43.392179,25688,Menej / Viac,/stavkovanie/politika/slovensko-parlamentne-volby-2023-volebna-ucast-v-/less-more-MSK78961399,- 65.01,+ 65.01,1.35,2.94,30.09. 07:00
2023-08-14 16:07:38.386221,25679,Menej / Viac,/stavkovanie/politika/slovensko-parlamentne-volby-2023-volebna-ucast-v-/less-more-MSK78961365,- 60.01,+ 60.01,2.85,1.37,30.09. 07:00
2023-08-14 16:07:38.386221,25684,Menej / Viac,/stavkovanie/politika/slovensko-parlamentne-volby-2023-volebna-ucast-v-/less-more-MSK78961375,- 62.51,+ 62.51,1.9,1.8,30.09. 07:00
2023-08-14 16:07:38.386221,25688,Menej / Viac,/stavkovanie/politika/slovensko-parlamentne-volby-2023-volebna-ucast-v-/less-more-MSK78961399,- 65.01,+ 65.01,1.35,2.94,30.09. 07:00
2023-08-15 04:07:20.366396,25679,Menej / Viac,/stavkovanie/politika/slovensko-parlamentne-volby-2023-volebna-ucast-v-/less-more-MSK78961365,- 60.01,+ 60.01,2.85,1.37,30.09. 07:00
2023-08-15 04:07:20.366396,25684,Menej / Viac,/stavkovanie/politika/slovensko-parlamentne-volby-2023-volebna-ucast-v-/less-more-MSK78961375,- 62.51,+ 62.51,1.9,1.8,30.09. 07:00
2023-08-15 04:07:20.366396,25688,Menej / Viac,/stavkovanie/politika/slovensko-parlamentne-volby-2023-volebna-ucast-v-/less-more-MSK78961399,- 65.01,+ 65.01,1.35,2.94,30.09. 07:00
2023-08-15 16:07:41.941058,25679,Menej / Viac,/stavkovanie/politika/slovensko-parlamentne-volby-2023-volebna-ucast-v-/less-more-MSK78961365,- 60.01,+ 60.01,2.85,1.37,30.09. 07:00
2023-08-15 16:07:41.941058,25684,Menej / Viac,/stavkovanie/politika/slovensko-parlamentne-volby-2023-volebna-ucast-v-/less-more-MSK78961375,- 62.51,+ 62.51,1.9,1.8,30.09. 07:00
2023-08-15 16:07:41.941058,25688,Menej / Viac,/stavkovanie/politika/slovensko-parlamentne-volby-2023-volebna-ucast-v-/less-more-MSK78961399,- 65.01,+ 65.01,1.35,2.94,30.09. 07:00
2023-08-16 04:07:33.931764,25679,Menej / Viac,/stavkovanie/politika/slovensko-parlamentne-volby-2023-volebna-ucast-v-/less-more-MSK78961365,- 60.01,+ 60.01,2.85,1.37,30.09. 07:00
2023-08-16 04:07:33.931764,25684,Menej / Viac,/stavkovanie/politika/slovensko-parlamentne-volby-2023-volebna-ucast-v-/less-more-MSK78961375,- 62.51,+ 62.51,1.9,1.8,30.09. 07:00
2023-08-16 04:07:33.931764,25688,Menej / Viac,/stavkovanie/politika/slovensko-parlamentne-volby-2023-volebna-ucast-v-/less-more-MSK78961399,- 65.01,+ 65.01,1.35,2.94,30.09. 07:00
2023-08-16 16:07:37.342763,25679,Menej / Viac,/stavkovanie/politika/slovensko-parlamentne-volby-2023-volebna-ucast-v-/less-more-MSK78961365,- 60.01,+ 60.01,3.04,1.33,30.09. 07:00
2023-08-16 16:07:37.342763,25684,Menej / Viac,/stavkovanie/politika/slovensko-parlamentne-volby-2023-volebna-ucast-v-/less-more-MSK78961375,- 62.51,+ 62.51,2.03,1.7,30.09. 07:00
2023-08-16 16:07:37.342763,25688,Menej / Viac,/stavkovanie/politika/slovensko-parlamentne-volby-2023-volebna-ucast-v-/less-more-MSK78961399,- 65.01,+ 65.01,1.43,2.62,30.09. 07:00
2023-08-17 04:07:33.137592,25679,Menej / Viac,/stavkovanie/politika/slovensko-parlamentne-volby-2023-volebna-ucast-v-/less-more-MSK78961365,- 60.01,+ 60.01,3.04,1.33,30.09. 07:00
2023-08-17 04:07:33.137592,25684,Menej / Viac,/stavkovanie/politika/slovensko-parlamentne-volby-2023-volebna-ucast-v-/less-more-MSK78961375,- 62.51,+ 62.51,2.16,1.62,30.09. 07:00
2023-08-17 04:07:33.137592,25688,Menej / Viac,/stavkovanie/politika/slovensko-parlamentne-volby-2023-volebna-ucast-v-/less-more-MSK78961399,- 65.01,+ 65.01,1.45,2.55,30.09. 07:00
2023-08-17 16:07:36.376920,25679,Menej / Viac,/stavkovanie/politika/slovensko-parlamentne-volby-2023-volebna-ucast-v-/less-more-MSK78961365,- 60.01,+ 60.01,3.04,1.33,30.09. 07:00
2023-08-17 16:07:36.376920,25684,Menej / Viac,/stavkovanie/politika/slovensko-parlamentne-volby-2023-volebna-ucast-v-/less-more-MSK78961375,- 62.51,+ 62.51,2.16,1.62,30.09. 07:00
2023-08-17 16:07:36.376920,25688,Menej / Viac,/stavkovanie/politika/slovensko-parlamentne-volby-2023-volebna-ucast-v-/less-more-MSK78961399,- 65.01,+ 65.01,1.5,2.4,30.09. 07:00
2023-08-18 04:07:46.140362,25679,Menej / Viac,/stavkovanie/politika/slovensko-parlamentne-volby-2023-volebna-ucast-v-/less-more-MSK78961365,- 60.01,+ 60.01,3.21,1.3,30.09. 07:00
2023-08-18 04:07:46.140362,25684,Menej / Viac,/stavkovanie/politika/slovensko-parlamentne-volby-2023-volebna-ucast-v-/less-more-MSK78961375,- 62.51,+ 62.51,2.19,1.6,30.09. 07:00
2023-08-18 04:07:46.140362,25688,Menej / Viac,/stavkovanie/politika/slovensko-parlamentne-volby-2023-volebna-ucast-v-/less-more-MSK78961399,- 65.01,+ 65.01,1.5,2.4,30.09. 07:00
2023-08-18 16:07:43.593285,25679,Menej / Viac,/stavkovanie/politika/slovensko-parlamentne-volby-2023-volebna-ucast-v-/less-more-MSK78961365,- 60.01,+ 60.01,3.21,1.3,30.09. 07:00
2023-08-18 16:07:43.593285,25684,Menej / Viac,/stavkovanie/politika/slovensko-parlamentne-volby-2023-volebna-ucast-v-/less-more-MSK78961375,- 62.51,+ 62.51,2.19,1.6,30.09. 07:00
2023-08-18 16:07:43.593285,25688,Menej / Viac,/stavkovanie/politika/slovensko-parlamentne-volby-2023-volebna-ucast-v-/less-more-MSK78961399,- 65.01,+ 65.01,1.5,2.4,30.09. 07:00
2023-08-19 04:07:35.376924,25679,Menej / Viac,/stavkovanie/politika/slovensko-parlamentne-volby-2023-volebna-ucast-v-/less-more-MSK78961365,- 60.01,+ 60.01,3.21,1.3,30.09. 07:00
2023-08-19 04:07:35.376924,25684,Menej / Viac,/stavkovanie/politika/slovensko-parlamentne-volby-2023-volebna-ucast-v-/less-more-MSK78961375,- 62.51,+ 62.51,2.19,1.6,30.09. 07:00
2023-08-19 04:07:35.376924,25688,Menej / Viac,/stavkovanie/politika/slovensko-parlamentne-volby-2023-volebna-ucast-v-/less-more-MSK78961399,- 65.01,+ 65.01,1.5,2.4,30.09. 07:00
2023-08-19 16:07:12.041557,25679,Menej / Viac,/stavkovanie/politika/slovensko-parlamentne-volby-2023-volebna-ucast-v-/less-more-MSK78961365,- 60.01,+ 60.01,3.21,1.3,30.09. 07:00
2023-08-19 16:07:12.041557,25684,Menej / Viac,/stavkovanie/politika/slovensko-parlamentne-volby-2023-volebna-ucast-v-/less-more-MSK78961375,- 62.51,+ 62.51,2.19,1.6,30.09. 07:00
2023-08-19 16:07:12.041557,25688,Menej / Viac,/stavkovanie/politika/slovensko-parlamentne-volby-2023-volebna-ucast-v-/less-more-MSK78961399,- 65.01,+ 65.01,1.5,2.4,30.09. 07:00
2023-08-20 04:07:33.146282,25679,Menej / Viac,/stavkovanie/politika/slovensko-parlamentne-volby-2023-volebna-ucast-v-/less-more-MSK78961365,- 60.01,+ 60.01,3.21,1.3,30.09. 07:00
2023-08-20 04:07:33.146282,25684,Menej / Viac,/stavkovanie/politika/slovensko-parlamentne-volby-2023-volebna-ucast-v-/less-more-MSK78961375,- 62.51,+ 62.51,2.19,1.6,30.09. 07:00
2023-08-20 04:07:33.146282,25688,Menej / Viac,/stavkovanie/politika/slovensko-parlamentne-volby-2023-volebna-ucast-v-/less-more-MSK78961399,- 65.01,+ 65.01,1.5,2.4,30.09. 07:00
2023-08-20 16:07:18.493346,25679,Menej / Viac,/stavkovanie/politika/slovensko-parlamentne-volby-2023-volebna-ucast-v-/less-more-MSK78961365,- 60.01,+ 60.01,3.21,1.3,30.09. 07:00
2023-08-20 16:07:18.493346,25684,Menej / Viac,/stavkovanie/politika/slovensko-parlamentne-volby-2023-volebna-ucast-v-/less-more-MSK78961375,- 62.51,+ 62.51,2.19,1.6,30.09. 07:00
2023-08-20 16:07:18.493346,25688,Menej / Viac,/stavkovanie/politika/slovensko-parlamentne-volby-2023-volebna-ucast-v-/less-more-MSK78961399,- 65.01,+ 65.01,1.55,2.3,30.09. 07:00
2023-08-21 04:07:33.874445,25679,Menej / Viac,/stavkovanie/politika/slovensko-parlamentne-volby-2023-volebna-ucast-v-/less-more-MSK78961365,- 60.01,+ 60.01,3.21,1.3,30.09. 07:00
2023-08-21 04:07:33.874445,25684,Menej / Viac,/stavkovanie/politika/slovensko-parlamentne-volby-2023-volebna-ucast-v-/less-more-MSK78961375,- 62.51,+ 62.51,2.19,1.6,30.09. 07:00
2023-08-21 04:07:33.874445,25688,Menej / Viac,/stavkovanie/politika/slovensko-parlamentne-volby-2023-volebna-ucast-v-/less-more-MSK78961399,- 65.01,+ 65.01,1.55,2.3,30.09. 07:00
2023-08-21 16:07:36.959715,25679,Menej / Viac,/stavkovanie/politika/slovensko-parlamentne-volby-2023-volebna-ucast-v-/less-more-MSK78961365,- 60.01,+ 60.01,3.21,1.3,30.09. 07:00
2023-08-21 16:07:36.959715,25684,Menej / Viac,/stavkovanie/politika/slovensko-parlamentne-volby-2023-volebna-ucast-v-/less-more-MSK78961375,- 62.51,+ 62.51,2.19,1.6,30.09. 07:00
2023-08-21 16:07:36.959715,25688,Menej / Viac,/stavkovanie/politika/slovensko-parlamentne-volby-2023-volebna-ucast-v-/less-more-MSK78961399,- 65.01,+ 65.01,1.55,2.3,30.09. 07:00
2023-08-22 04:07:31.207400,25679,Menej / Viac,/stavkovanie/politika/slovensko-parlamentne-volby-2023-volebna-ucast-v-/less-more-MSK78961365,- 60.01,+ 60.01,3.21,1.3,30.09. 07:00
2023-08-22 04:07:31.207400,25684,Menej / Viac,/stavkovanie/politika/slovensko-parlamentne-volby-2023-volebna-ucast-v-/less-more-MSK78961375,- 62.51,+ 62.51,2.19,1.6,30.09. 07:00
2023-08-22 04:07:31.207400,25688,Menej / Viac,/stavkovanie/politika/slovensko-parlamentne-volby-2023-volebna-ucast-v-/less-more-MSK78961399,- 65.01,+ 65.01,1.55,2.3,30.09. 07:00
2023-08-22 16:07:31.066322,25679,Menej / Viac,/stavkovanie/politika/slovensko-parlamentne-volby-2023-volebna-ucast-v-/less-more-MSK78961365,- 60.01,+ 60.01,3.34,1.28,30.09. 07:00
2023-08-22 16:07:31.066322,25684,Menej / Viac,/stavkovanie/politika/slovensko-parlamentne-volby-2023-volebna-ucast-v-/less-more-MSK78961375,- 62.51,+ 62.51,2.36,1.52,30.09. 07:00
2023-08-22 16:07:31.066322,25688,Menej / Viac,/stavkovanie/politika/slovensko-parlamentne-volby-2023-volebna-ucast-v-/less-more-MSK78961399,- 65.01,+ 65.01,1.65,2.1,30.09. 07:00
2023-08-23 04:07:19.773649,25679,Menej / Viac,/stavkovanie/politika/slovensko-parlamentne-volby-2023-volebna-ucast-v-/less-more-MSK78961365,- 60.01,+ 60.01,3.34,1.28,30.09. 07:00
2023-08-23 04:07:19.773649,25684,Menej / Viac,/stavkovanie/politika/slovensko-parlamentne-volby-2023-volebna-ucast-v-/less-more-MSK78961375,- 62.51,+ 62.51,2.36,1.52,30.09. 07:00
2023-08-23 04:07:19.773649,25688,Menej / Viac,/stavkovanie/politika/slovensko-parlamentne-volby-2023-volebna-ucast-v-/less-more-MSK78961399,- 65.01,+ 65.01,1.65,2.1,30.09. 07:00
2023-08-23 16:07:27.467278,25679,Menej / Viac,/stavkovanie/politika/slovensko-parlamentne-volby-2023-volebna-ucast-v-/less-more-MSK78961365,- 60.01,+ 60.01,3.34,1.28,30.09. 07:00
2023-08-23 16:07:27.467278,25684,Menej / Viac,/stavkovanie/politika/slovensko-parlamentne-volby-2023-volebna-ucast-v-/less-more-MSK78961375,- 62.51,+ 62.51,2.36,1.52,30.09. 07:00
2023-08-23 16:07:27.467278,25688,Menej / Viac,/stavkovanie/politika/slovensko-parlamentne-volby-2023-volebna-ucast-v-/less-more-MSK78961399,- 65.01,+ 65.01,1.65,2.1,30.09. 07:00
2023-08-24 04:07:38.229935,25679,Menej / Viac,/stavkovanie/politika/slovensko-parlamentne-volby-2023-volebna-ucast-v-/less-more-MSK78961365,- 60.01,+ 60.01,3.34,1.28,30.09. 07:00
2023-08-24 04:07:38.229935,25684,Menej / Viac,/stavkovanie/politika/slovensko-parlamentne-volby-2023-volebna-ucast-v-/less-more-MSK78961375,- 62.51,+ 62.51,2.36,1.52,30.09. 07:00
2023-08-24 04:07:38.229935,25688,Menej / Viac,/stavkovanie/politika/slovensko-parlamentne-volby-2023-volebna-ucast-v-/less-more-MSK78961399,- 65.01,+ 65.01,1.65,2.1,30.09. 07:00
2023-08-24 16:07:36.103019,25679,Menej / Viac,/stavkovanie/politika/slovensko-parlamentne-volby-2023-volebna-ucast-v-/less-more-MSK78961365,- 60.01,+ 60.01,3.34,1.28,30.09. 07:00
2023-08-24 16:07:36.103019,25684,Menej / Viac,/stavkovanie/politika/slovensko-parlamentne-volby-2023-volebna-ucast-v-/less-more-MSK78961375,- 62.51,+ 62.51,2.36,1.52,30.09. 07:00
2023-08-24 16:07:36.103019,25688,Menej / Viac,/stavkovanie/politika/slovensko-parlamentne-volby-2023-volebna-ucast-v-/less-more-MSK78961399,- 65.01,+ 65.01,1.65,2.1,30.09. 07:00
2023-08-25 04:07:30.237401,25679,Menej / Viac,/stavkovanie/politika/slovensko-parlamentne-volby-2023-volebna-ucast-v-/less-more-MSK78961365,- 60.01,+ 60.01,3.34,1.28,30.09. 07:00
2023-08-25 04:07:30.237401,25684,Menej / Viac,/stavkovanie/politika/slovensko-parlamentne-volby-2023-volebna-ucast-v-/less-more-MSK78961375,- 62.51,+ 62.51,2.36,1.52,30.09. 07:00
2023-08-25 04:07:30.237401,25688,Menej / Viac,/stavkovanie/politika/slovensko-parlamentne-volby-2023-volebna-ucast-v-/less-more-MSK78961399,- 65.01,+ 65.01,1.65,2.1,30.09. 07:00
2023-08-25 16:07:38.204633,25679,Menej / Viac,/stavkovanie/politika/slovensko-parlamentne-volby-2023-volebna-ucast-v-/less-more-MSK78961365,- 60.01,+ 60.01,3.34,1.28,30.09. 07:00
2023-08-25 16:07:38.204633,25684,Menej / Viac,/stavkovanie/politika/slovensko-parlamentne-volby-2023-volebna-ucast-v-/less-more-MSK78961375,- 62.51,+ 62.51,2.41,1.5,30.09. 07:00
2023-08-25 16:07:38.204633,25688,Menej / Viac,/stavkovanie/politika/slovensko-parlamentne-volby-2023-volebna-ucast-v-/less-more-MSK78961399,- 65.01,+ 65.01,1.72,2.0,30.09. 07:00
2023-08-26 04:07:26.046071,25679,Menej / Viac,/stavkovanie/politika/slovensko-parlamentne-volby-2023-volebna-ucast-v-/less-more-MSK78961365,- 60.01,+ 60.01,3.41,1.27,30.09. 07:00
2023-08-26 04:07:26.046071,25684,Menej / Viac,/stavkovanie/politika/slovensko-parlamentne-volby-2023-volebna-ucast-v-/less-more-MSK78961375,- 62.51,+ 62.51,2.41,1.5,30.09. 07:00
2023-08-26 04:07:26.046071,25688,Menej / Viac,/stavkovanie/politika/slovensko-parlamentne-volby-2023-volebna-ucast-v-/less-more-MSK78961399,- 65.01,+ 65.01,1.72,2.0,30.09. 07:00
2023-08-26 16:07:25.191821,25679,Menej / Viac,/stavkovanie/politika/slovensko-parlamentne-volby-2023-volebna-ucast-v-/less-more-MSK78961365,- 60.01,+ 60.01,3.41,1.27,30.09. 07:00
2023-08-26 16:07:25.191821,25684,Menej / Viac,/stavkovanie/politika/slovensko-parlamentne-volby-2023-volebna-ucast-v-/less-more-MSK78961375,- 62.51,+ 62.51,2.41,1.5,30.09. 07:00
2023-08-26 16:07:25.191821,25688,Menej / Viac,/stavkovanie/politika/slovensko-parlamentne-volby-2023-volebna-ucast-v-/less-more-MSK78961399,- 65.01,+ 65.01,1.72,2.0,30.09. 07:00
2023-08-27 04:07:16.944178,25679,Menej / Viac,/stavkovanie/politika/slovensko-parlamentne-volby-2023-volebna-ucast-v-/less-more-MSK78961365,- 60.01,+ 60.01,3.41,1.27,30.09. 07:00
2023-08-27 04:07:16.944178,25684,Menej / Viac,/stavkovanie/politika/slovensko-parlamentne-volby-2023-volebna-ucast-v-/less-more-MSK78961375,- 62.51,+ 62.51,2.41,1.5,30.09. 07:00
2023-08-27 04:07:16.944178,25688,Menej / Viac,/stavkovanie/politika/slovensko-parlamentne-volby-2023-volebna-ucast-v-/less-more-MSK78961399,- 65.01,+ 65.01,1.72,2.0,30.09. 07:00
2023-08-27 16:07:12.178001,25679,Menej / Viac,/stavkovanie/politika/slovensko-parlamentne-volby-2023-volebna-ucast-v-/less-more-MSK78961365,- 60.01,+ 60.01,3.41,1.27,30.09. 07:00
2023-08-27 16:07:12.178001,25684,Menej / Viac,/stavkovanie/politika/slovensko-parlamentne-volby-2023-volebna-ucast-v-/less-more-MSK78961375,- 62.51,+ 62.51,2.41,1.5,30.09. 07:00
2023-08-27 16:07:12.178001,25688,Menej / Viac,/stavkovanie/politika/slovensko-parlamentne-volby-2023-volebna-ucast-v-/less-more-MSK78961399,- 65.01,+ 65.01,1.72,2.0,30.09. 07:00
2023-08-28 04:07:34.832138,25679,Menej / Viac,/stavkovanie/politika/slovensko-parlamentne-volby-2023-volebna-ucast-v-/less-more-MSK78961365,- 60.01,+ 60.01,3.41,1.27,30.09. 07:00
2023-08-28 04:07:34.832138,25684,Menej / Viac,/stavkovanie/politika/slovensko-parlamentne-volby-2023-volebna-ucast-v-/less-more-MSK78961375,- 62.51,+ 62.51,2.41,1.5,30.09. 07:00
2023-08-28 04:07:34.832138,25688,Menej / Viac,/stavkovanie/politika/slovensko-parlamentne-volby-2023-volebna-ucast-v-/less-more-MSK78961399,- 65.01,+ 65.01,1.72,2.0,30.09. 07:00
2023-08-28 16:07:44.806270,25679,Menej / Viac,/stavkovanie/politika/slovensko-parlamentne-volby-2023-volebna-ucast-v-/less-more-MSK78961365,- 60.01,+ 60.01,3.56,1.25,30.09. 07:00
2023-08-28 16:07:44.806270,25684,Menej / Viac,/stavkovanie/politika/slovensko-parlamentne-volby-2023-volebna-ucast-v-/less-more-MSK78961375,- 62.51,+ 62.51,2.55,1.45,30.09. 07:00
2023-08-28 16:07:44.806270,25688,Menej / Viac,/stavkovanie/politika/slovensko-parlamentne-volby-2023-volebna-ucast-v-/less-more-MSK78961399,- 65.01,+ 65.01,1.85,1.85,30.09. 07:00
2023-08-29 04:07:33.241667,25679,Menej / Viac,/stavkovanie/politika/slovensko-parlamentne-volby-2023-volebna-ucast-v-/less-more-MSK78961365,- 60.01,+ 60.01,3.56,1.25,30.09. 07:00
2023-08-29 04:07:33.241667,25684,Menej / Viac,/stavkovanie/politika/slovensko-parlamentne-volby-2023-volebna-ucast-v-/less-more-MSK78961375,- 62.51,+ 62.51,2.55,1.45,30.09. 07:00
2023-08-29 04:07:33.241667,25688,Menej / Viac,/stavkovanie/politika/slovensko-parlamentne-volby-2023-volebna-ucast-v-/less-more-MSK78961399,- 65.01,+ 65.01,1.85,1.85,30.09. 07:00
2023-08-29 16:07:38.924297,25679,Menej / Viac,/stavkovanie/politika/slovensko-parlamentne-volby-2023-volebna-ucast-v-/less-more-MSK78961365,- 60.01,+ 60.01,3.56,1.25,30.09. 07:00
2023-08-29 16:07:38.924297,25684,Menej / Viac,/stavkovanie/politika/slovensko-parlamentne-volby-2023-volebna-ucast-v-/less-more-MSK78961375,- 62.51,+ 62.51,2.55,1.45,30.09. 07:00
2023-08-29 16:07:38.924297,25688,Menej / Viac,/stavkovanie/politika/slovensko-parlamentne-volby-2023-volebna-ucast-v-/less-more-MSK78961399,- 65.01,+ 65.01,1.85,1.85,30.09. 07:00
2023-08-30 04:07:38.742440,25679,Menej / Viac,/stavkovanie/politika/slovensko-parlamentne-volby-2023-volebna-ucast-v-/less-more-MSK78961365,- 60.01,+ 60.01,3.56,1.25,30.09. 07:00
2023-08-30 04:07:38.742440,25684,Menej / Viac,/stavkovanie/politika/slovensko-parlamentne-volby-2023-volebna-ucast-v-/less-more-MSK78961375,- 62.51,+ 62.51,2.55,1.45,30.09. 07:00
2023-08-30 04:07:38.742440,25688,Menej / Viac,/stavkovanie/politika/slovensko-parlamentne-volby-2023-volebna-ucast-v-/less-more-MSK78961399,- 65.01,+ 65.01,1.85,1.85,30.09. 07:00
2023-08-30 16:07:46.750819,25679,Menej / Viac,/stavkovanie/politika/slovensko-parlamentne-volby-2023-volebna-ucast-v-/less-more-MSK78961365,- 60.01,+ 60.01,3.56,1.25,30.09. 07:00
2023-08-30 16:07:46.750819,25684,Menej / Viac,/stavkovanie/politika/slovensko-parlamentne-volby-2023-volebna-ucast-v-/less-more-MSK78961375,- 62.51,+ 62.51,2.55,1.45,30.09. 07:00
2023-08-30 16:07:46.750819,25688,Menej / Viac,/stavkovanie/politika/slovensko-parlamentne-volby-2023-volebna-ucast-v-/less-more-MSK78961399,- 65.01,+ 65.01,1.9,1.8,30.09. 07:00
2023-08-31 04:07:31.215642,25679,Menej / Viac,/stavkovanie/politika/slovensko-parlamentne-volby-2023-volebna-ucast-v-/less-more-MSK78961365,- 60.01,+ 60.01,3.56,1.25,30.09. 07:00
2023-08-31 04:07:31.215642,25684,Menej / Viac,/stavkovanie/politika/slovensko-parlamentne-volby-2023-volebna-ucast-v-/less-more-MSK78961375,- 62.51,+ 62.51,2.55,1.45,30.09. 07:00
2023-08-31 04:07:31.215642,25688,Menej / Viac,/stavkovanie/politika/slovensko-parlamentne-volby-2023-volebna-ucast-v-/less-more-MSK78961399,- 65.01,+ 65.01,1.9,1.8,30.09. 07:00
2023-08-31 16:07:32.457638,25679,Menej / Viac,/stavkovanie/politika/slovensko-parlamentne-volby-2023-volebna-ucast-v-/less-more-MSK78961365,- 60.01,+ 60.01,4.04,1.2,30.09. 07:00
2023-08-31 16:07:32.457638,25684,Menej / Viac,/stavkovanie/politika/slovensko-parlamentne-volby-2023-volebna-ucast-v-/less-more-MSK78961375,- 62.51,+ 62.51,2.94,1.35,30.09. 07:00
2023-08-31 16:07:32.457638,25688,Menej / Viac,/stavkovanie/politika/slovensko-parlamentne-volby-2023-volebna-ucast-v-/less-more-MSK78961399,- 65.01,+ 65.01,2.03,1.7,30.09. 07:00
2023-09-01 04:07:32.836860,25679,Menej / Viac,/stavkovanie/politika/slovensko-parlamentne-volby-2023-volebna-ucast-v-/less-more-MSK78961365,- 60.01,+ 60.01,4.04,1.2,30.09. 07:00
2023-09-01 04:07:32.836860,25684,Menej / Viac,/stavkovanie/politika/slovensko-parlamentne-volby-2023-volebna-ucast-v-/less-more-MSK78961375,- 62.51,+ 62.51,2.94,1.35,30.09. 07:00
2023-09-01 04:07:32.836860,25688,Menej / Viac,/stavkovanie/politika/slovensko-parlamentne-volby-2023-volebna-ucast-v-/less-more-MSK78961399,- 65.01,+ 65.01,2.03,1.7,30.09. 07:00
2023-09-01 16:07:37.906476,25679,Menej / Viac,/stavkovanie/politika/slovensko-parlamentne-volby-2023-volebna-ucast-v-/less-more-MSK78961365,- 60.01,+ 60.01,4.04,1.2,30.09. 07:00
2023-09-01 16:07:37.906476,25684,Menej / Viac,/stavkovanie/politika/slovensko-parlamentne-volby-2023-volebna-ucast-v-/less-more-MSK78961375,- 62.51,+ 62.51,2.94,1.35,30.09. 07:00
2023-09-01 16:07:37.906476,25688,Menej / Viac,/stavkovanie/politika/slovensko-parlamentne-volby-2023-volebna-ucast-v-/less-more-MSK78961399,- 65.01,+ 65.01,2.03,1.7,30.09. 07:00
2023-09-03 04:07:17.083937,25684,Menej / Viac,/stavkovanie/politika/slovensko-parlamentne-volby-2023-volebna-ucast-v-/less-more-MSK78961375,- 62.51,+ 62.51,2.94,1.35,30.09. 07:00
2023-09-03 04:07:17.083937,25688,Menej / Viac,/stavkovanie/politika/slovensko-parlamentne-volby-2023-volebna-ucast-v-/less-more-MSK78961399,- 65.01,+ 65.01,2.03,1.7,30.09. 07:00
2023-09-03 04:07:17.083937,27576,Menej / Viac,/stavkovanie/politika/slovensko-parlamentne-volby-2023-volebna-ucast-v-/less-more-MSK80696709,- 67.51,+ 67.51,1.45,2.55,30.09. 07:00
2023-09-03 16:07:26.250343,25684,Menej / Viac,/stavkovanie/politika/slovensko-parlamentne-volby-2023-volebna-ucast-v-/less-more-MSK78961375,- 62.51,+ 62.51,2.94,1.35,30.09. 07:00
2023-09-03 16:07:26.250343,25688,Menej / Viac,/stavkovanie/politika/slovensko-parlamentne-volby-2023-volebna-ucast-v-/less-more-MSK78961399,- 65.01,+ 65.01,2.03,1.7,30.09. 07:00
2023-09-03 16:07:26.250343,27576,Menej / Viac,/stavkovanie/politika/slovensko-parlamentne-volby-2023-volebna-ucast-v-/less-more-MSK80696709,- 67.51,+ 67.51,1.42,2.65,30.09. 07:00
2023-09-04 04:07:29.167006,25684,Menej / Viac,/stavkovanie/politika/slovensko-parlamentne-volby-2023-volebna-ucast-v-/less-more-MSK78961375,- 62.51,+ 62.51,2.94,1.35,30.09. 07:00
2023-09-04 04:07:29.167006,25688,Menej / Viac,/stavkovanie/politika/slovensko-parlamentne-volby-2023-volebna-ucast-v-/less-more-MSK78961399,- 65.01,+ 65.01,2.03,1.7,30.09. 07:00
2023-09-04 04:07:29.167006,27576,Menej / Viac,/stavkovanie/politika/slovensko-parlamentne-volby-2023-volebna-ucast-v-/less-more-MSK80696709,- 67.51,+ 67.51,1.42,2.65,30.09. 07:00
2023-09-04 16:07:30.148482,25684,Menej / Viac,/stavkovanie/politika/slovensko-parlamentne-volby-2023-volebna-ucast-v-/less-more-MSK78961375,- 62.51,+ 62.51,3.04,1.33,30.09. 07:00
2023-09-04 16:07:30.148482,25688,Menej / Viac,/stavkovanie/politika/slovensko-parlamentne-volby-2023-volebna-ucast-v-/less-more-MSK78961399,- 65.01,+ 65.01,2.11,1.65,30.09. 07:00
2023-09-04 16:07:30.148482,27576,Menej / Viac,/stavkovanie/politika/slovensko-parlamentne-volby-2023-volebna-ucast-v-/less-more-MSK80696709,- 67.51,+ 67.51,1.44,2.6,30.09. 07:00
2023-09-05 16:07:29.006919,25684,Menej / Viac,/stavkovanie/politika/slovensko-parlamentne-volby-2023-volebna-ucast-v-/less-more-MSK78961375,- 62.51,+ 62.51,3.04,1.33,30.09. 07:00
2023-09-05 16:07:29.006919,25688,Menej / Viac,/stavkovanie/politika/slovensko-parlamentne-volby-2023-volebna-ucast-v-/less-more-MSK78961399,- 65.01,+ 65.01,2.11,1.65,30.09. 07:00
2023-09-05 16:07:29.006919,27576,Menej / Viac,/stavkovanie/politika/slovensko-parlamentne-volby-2023-volebna-ucast-v-/less-more-MSK80696709,- 67.51,+ 67.51,1.44,2.6,30.09. 07:00
2023-09-06 04:07:29.205470,25684,Menej / Viac,/stavkovanie/politika/slovensko-parlamentne-volby-2023-volebna-ucast-v-/less-more-MSK78961375,- 62.51,+ 62.51,3.04,1.33,30.09. 07:00
2023-09-06 04:07:29.205470,25688,Menej / Viac,/stavkovanie/politika/slovensko-parlamentne-volby-2023-volebna-ucast-v-/less-more-MSK78961399,- 65.01,+ 65.01,2.11,1.65,30.09. 07:00
2023-09-06 04:07:29.205470,27576,Menej / Viac,/stavkovanie/politika/slovensko-parlamentne-volby-2023-volebna-ucast-v-/less-more-MSK80696709,- 67.51,+ 67.51,1.44,2.6,30.09. 07:00
2023-09-06 16:07:31.739157,25684,Menej / Viac,/stavkovanie/politika/slovensko-parlamentne-volby-2023-volebna-ucast-v-/less-more-MSK78961375,- 62.51,+ 62.51,3.04,1.33,30.09. 07:00
2023-09-06 16:07:31.739157,25688,Menej / Viac,/stavkovanie/politika/slovensko-parlamentne-volby-2023-volebna-ucast-v-/less-more-MSK78961399,- 65.01,+ 65.01,2.11,1.65,30.09. 07:00
2023-09-06 16:07:31.739157,27576,Menej / Viac,/stavkovanie/politika/slovensko-parlamentne-volby-2023-volebna-ucast-v-/less-more-MSK80696709,- 67.51,+ 67.51,1.44,2.6,30.09. 07:00
2023-09-07 04:07:32.080359,25684,Menej / Viac,/stavkovanie/politika/slovensko-parlamentne-volby-2023-volebna-ucast-v-/less-more-MSK78961375,- 62.51,+ 62.51,3.04,1.33,30.09. 07:00
2023-09-07 04:07:32.080359,25688,Menej / Viac,/stavkovanie/politika/slovensko-parlamentne-volby-2023-volebna-ucast-v-/less-more-MSK78961399,- 65.01,+ 65.01,2.11,1.65,30.09. 07:00
2023-09-07 04:07:32.080359,27576,Menej / Viac,/stavkovanie/politika/slovensko-parlamentne-volby-2023-volebna-ucast-v-/less-more-MSK80696709,- 67.51,+ 67.51,1.44,2.6,30.09. 07:00
2023-09-07 16:07:46.703756,25684,Menej / Viac,/stavkovanie/politika/slovensko-parlamentne-volby-2023-volebna-ucast-v-/less-more-MSK78961375,- 62.51,+ 62.51,3.04,1.33,30.09. 07:00
2023-09-07 16:07:46.703756,25688,Menej / Viac,/stavkovanie/politika/slovensko-parlamentne-volby-2023-volebna-ucast-v-/less-more-MSK78961399,- 65.01,+ 65.01,2.11,1.65,30.09. 07:00
2023-09-07 16:07:46.703756,27576,Menej / Viac,/stavkovanie/politika/slovensko-parlamentne-volby-2023-volebna-ucast-v-/less-more-MSK80696709,- 67.51,+ 67.51,1.44,2.6,30.09. 07:00
2023-09-08 04:07:26.976670,25684,Menej / Viac,/stavkovanie/politika/slovensko-parlamentne-volby-2023-volebna-ucast-v-/less-more-MSK78961375,- 62.51,+ 62.51,4.28,1.18,30.09. 07:00
2023-09-08 04:07:26.976670,25688,Menej / Viac,/stavkovanie/politika/slovensko-parlamentne-volby-2023-volebna-ucast-v-/less-more-MSK78961399,- 65.01,+ 65.01,2.29,1.55,30.09. 07:00
2023-09-08 04:07:26.976670,27574,Menej / Viac,/stavkovanie/politika/slovensko-parlamentne-volby-2023-volebna-ucast-v-/less-more-MSK80696706,- 66.01,+ 66.01,1.9,1.8,30.09. 07:00
2023-09-08 04:07:26.976670,27576,Menej / Viac,/stavkovanie/politika/slovensko-parlamentne-volby-2023-volebna-ucast-v-/less-more-MSK80696709,- 67.51,+ 67.51,1.5,2.41,30.09. 07:00
2023-09-08 14:07:38.421060,25684,Menej / Viac,/stavkovanie/politika/slovensko-parlamentne-volby-2023-volebna-ucast-v-/less-more-MSK78961375,- 62.51,+ 62.51,4.28,1.18,30.09. 07:00
2023-09-08 14:07:38.421060,25688,Menej / Viac,/stavkovanie/politika/slovensko-parlamentne-volby-2023-volebna-ucast-v-/less-more-MSK78961399,- 65.01,+ 65.01,2.29,1.55,30.09. 07:00
2023-09-08 14:07:38.421060,27574,Menej / Viac,/stavkovanie/politika/slovensko-parlamentne-volby-2023-volebna-ucast-v-/less-more-MSK80696706,- 66.01,+ 66.01,1.9,1.8,30.09. 07:00
2023-09-08 14:07:38.421060,27576,Menej / Viac,/stavkovanie/politika/slovensko-parlamentne-volby-2023-volebna-ucast-v-/less-more-MSK80696709,- 67.51,+ 67.51,1.5,2.41,30.09. 07:00
2023-09-08 16:08:20.732627,25684,Menej / Viac,/stavkovanie/politika/slovensko-parlamentne-volby-2023-volebna-ucast-v-/less-more-MSK78961375,- 62.51,+ 62.51,4.28,1.18,30.09. 07:00
2023-09-08 16:08:20.732627,25688,Menej / Viac,/stavkovanie/politika/slovensko-parlamentne-volby-2023-volebna-ucast-v-/less-more-MSK78961399,- 65.01,+ 65.01,2.29,1.55,30.09. 07:00
2023-09-08 16:08:20.732627,27574,Menej / Viac,/stavkovanie/politika/slovensko-parlamentne-volby-2023-volebna-ucast-v-/less-more-MSK80696706,- 66.01,+ 66.01,1.9,1.8,30.09. 07:00
2023-09-08 16:08:20.732627,27576,Menej / Viac,/stavkovanie/politika/slovensko-parlamentne-volby-2023-volebna-ucast-v-/less-more-MSK80696709,- 67.51,+ 67.51,1.5,2.41,30.09. 07:00
2023-09-08 18:08:05.540929,25684,Menej / Viac,/stavkovanie/politika/slovensko-parlamentne-volby-2023-volebna-ucast-v-/less-more-MSK78961375,- 62.51,+ 62.51,4.28,1.18,30.09. 07:00
2023-09-08 18:08:05.540929,25688,Menej / Viac,/stavkovanie/politika/slovensko-parlamentne-volby-2023-volebna-ucast-v-/less-more-MSK78961399,- 65.01,+ 65.01,2.29,1.55,30.09. 07:00
2023-09-08 18:08:05.540929,27574,Menej / Viac,/stavkovanie/politika/slovensko-parlamentne-volby-2023-volebna-ucast-v-/less-more-MSK80696706,- 66.01,+ 66.01,1.9,1.8,30.09. 07:00
2023-09-08 18:08:05.540929,27576,Menej / Viac,/stavkovanie/politika/slovensko-parlamentne-volby-2023-volebna-ucast-v-/less-more-MSK80696709,- 67.51,+ 67.51,1.5,2.41,30.09. 07:00
2023-09-08 20:07:51.937936,25684,Menej / Viac,/stavkovanie/politika/slovensko-parlamentne-volby-2023-volebna-ucast-v-/less-more-MSK78961375,- 62.51,+ 62.51,4.28,1.18,30.09. 07:00
2023-09-08 20:07:51.937936,25688,Menej / Viac,/stavkovanie/politika/slovensko-parlamentne-volby-2023-volebna-ucast-v-/less-more-MSK78961399,- 65.01,+ 65.01,2.29,1.55,30.09. 07:00
2023-09-08 20:07:51.937936,27574,Menej / Viac,/stavkovanie/politika/slovensko-parlamentne-volby-2023-volebna-ucast-v-/less-more-MSK80696706,- 66.01,+ 66.01,1.9,1.8,30.09. 07:00
2023-09-08 20:07:51.937936,27576,Menej / Viac,/stavkovanie/politika/slovensko-parlamentne-volby-2023-volebna-ucast-v-/less-more-MSK80696709,- 67.51,+ 67.51,1.5,2.41,30.09. 07:00
2023-09-08 22:07:34.979060,25684,Menej / Viac,/stavkovanie/politika/slovensko-parlamentne-volby-2023-volebna-ucast-v-/less-more-MSK78961375,- 62.51,+ 62.51,4.28,1.18,30.09. 07:00
2023-09-08 22:07:34.979060,25688,Menej / Viac,/stavkovanie/politika/slovensko-parlamentne-volby-2023-volebna-ucast-v-/less-more-MSK78961399,- 65.01,+ 65.01,2.29,1.55,30.09. 07:00
2023-09-08 22:07:34.979060,27574,Menej / Viac,/stavkovanie/politika/slovensko-parlamentne-volby-2023-volebna-ucast-v-/less-more-MSK80696706,- 66.01,+ 66.01,1.9,1.8,30.09. 07:00
2023-09-08 22:07:34.979060,27576,Menej / Viac,/stavkovanie/politika/slovensko-parlamentne-volby-2023-volebna-ucast-v-/less-more-MSK80696709,- 67.51,+ 67.51,1.5,2.41,30.09. 07:00
2023-09-09 00:21:19.173517,25684,Menej / Viac,/stavkovanie/politika/slovensko-parlamentne-volby-2023-volebna-ucast-v-/less-more-MSK78961375,- 62.51,+ 62.51,4.28,1.18,30.09. 07:00
2023-09-09 00:21:19.173517,25688,Menej / Viac,/stavkovanie/politika/slovensko-parlamentne-volby-2023-volebna-ucast-v-/less-more-MSK78961399,- 65.01,+ 65.01,2.29,1.55,30.09. 07:00
2023-09-09 00:21:19.173517,27574,Menej / Viac,/stavkovanie/politika/slovensko-parlamentne-volby-2023-volebna-ucast-v-/less-more-MSK80696706,- 66.01,+ 66.01,1.9,1.8,30.09. 07:00
2023-09-09 00:21:19.173517,27576,Menej / Viac,/stavkovanie/politika/slovensko-parlamentne-volby-2023-volebna-ucast-v-/less-more-MSK80696709,- 67.51,+ 67.51,1.5,2.41,30.09. 07:00
2023-09-09 02:09:49.732770,25684,Menej / Viac,/stavkovanie/politika/slovensko-parlamentne-volby-2023-volebna-ucast-v-/less-more-MSK78961375,- 62.51,+ 62.51,4.28,1.18,30.09. 07:00
2023-09-09 02:09:49.732770,25688,Menej / Viac,/stavkovanie/politika/slovensko-parlamentne-volby-2023-volebna-ucast-v-/less-more-MSK78961399,- 65.01,+ 65.01,2.29,1.55,30.09. 07:00
2023-09-09 02:09:49.732770,27574,Menej / Viac,/stavkovanie/politika/slovensko-parlamentne-volby-2023-volebna-ucast-v-/less-more-MSK80696706,- 66.01,+ 66.01,1.9,1.8,30.09. 07:00
2023-09-09 02:09:49.732770,27576,Menej / Viac,/stavkovanie/politika/slovensko-parlamentne-volby-2023-volebna-ucast-v-/less-more-MSK80696709,- 67.51,+ 67.51,1.5,2.41,30.09. 07:00
2023-09-09 04:08:10.943231,25684,Menej / Viac,/stavkovanie/politika/slovensko-parlamentne-volby-2023-volebna-ucast-v-/less-more-MSK78961375,- 62.51,+ 62.51,4.28,1.18,30.09. 07:00
2023-09-09 04:08:10.943231,25688,Menej / Viac,/stavkovanie/politika/slovensko-parlamentne-volby-2023-volebna-ucast-v-/less-more-MSK78961399,- 65.01,+ 65.01,2.29,1.55,30.09. 07:00
2023-09-09 04:08:10.943231,27574,Menej / Viac,/stavkovanie/politika/slovensko-parlamentne-volby-2023-volebna-ucast-v-/less-more-MSK80696706,- 66.01,+ 66.01,1.9,1.8,30.09. 07:00
2023-09-09 04:08:10.943231,27576,Menej / Viac,/stavkovanie/politika/slovensko-parlamentne-volby-2023-volebna-ucast-v-/less-more-MSK80696709,- 67.51,+ 67.51,1.5,2.41,30.09. 07:00
2023-09-09 06:08:12.360081,25684,Menej / Viac,/stavkovanie/politika/slovensko-parlamentne-volby-2023-volebna-ucast-v-/less-more-MSK78961375,- 62.51,+ 62.51,4.28,1.18,30.09. 07:00
2023-09-09 06:08:12.360081,25688,Menej / Viac,/stavkovanie/politika/slovensko-parlamentne-volby-2023-volebna-ucast-v-/less-more-MSK78961399,- 65.01,+ 65.01,2.29,1.55,30.09. 07:00
2023-09-09 06:08:12.360081,27574,Menej / Viac,/stavkovanie/politika/slovensko-parlamentne-volby-2023-volebna-ucast-v-/less-more-MSK80696706,- 66.01,+ 66.01,1.9,1.8,30.09. 07:00
2023-09-09 06:08:12.360081,27576,Menej / Viac,/stavkovanie/politika/slovensko-parlamentne-volby-2023-volebna-ucast-v-/less-more-MSK80696709,- 67.51,+ 67.51,1.5,2.41,30.09. 07:00
2023-09-09 08:07:55.663554,25684,Menej / Viac,/stavkovanie/politika/slovensko-parlamentne-volby-2023-volebna-ucast-v-/less-more-MSK78961375,- 62.51,+ 62.51,4.28,1.18,30.09. 07:00
2023-09-09 08:07:55.663554,25688,Menej / Viac,/stavkovanie/politika/slovensko-parlamentne-volby-2023-volebna-ucast-v-/less-more-MSK78961399,- 65.01,+ 65.01,2.29,1.55,30.09. 07:00
2023-09-09 08:07:55.663554,27574,Menej / Viac,/stavkovanie/politika/slovensko-parlamentne-volby-2023-volebna-ucast-v-/less-more-MSK80696706,- 66.01,+ 66.01,1.9,1.8,30.09. 07:00
2023-09-09 08:07:55.663554,27576,Menej / Viac,/stavkovanie/politika/slovensko-parlamentne-volby-2023-volebna-ucast-v-/less-more-MSK80696709,- 67.51,+ 67.51,1.5,2.41,30.09. 07:00
2023-09-09 10:08:06.459216,25684,Menej / Viac,/stavkovanie/politika/slovensko-parlamentne-volby-2023-volebna-ucast-v-/less-more-MSK78961375,- 62.51,+ 62.51,4.28,1.18,30.09. 07:00
2023-09-09 10:08:06.459216,25688,Menej / Viac,/stavkovanie/politika/slovensko-parlamentne-volby-2023-volebna-ucast-v-/less-more-MSK78961399,- 65.01,+ 65.01,2.29,1.55,30.09. 07:00
2023-09-09 10:08:06.459216,27574,Menej / Viac,/stavkovanie/politika/slovensko-parlamentne-volby-2023-volebna-ucast-v-/less-more-MSK80696706,- 66.01,+ 66.01,1.9,1.8,30.09. 07:00
2023-09-09 10:08:06.459216,27576,Menej / Viac,/stavkovanie/politika/slovensko-parlamentne-volby-2023-volebna-ucast-v-/less-more-MSK80696709,- 67.51,+ 67.51,1.5,2.41,30.09. 07:00
2023-09-09 12:08:19.661696,25684,Menej / Viac,/stavkovanie/politika/slovensko-parlamentne-volby-2023-volebna-ucast-v-/less-more-MSK78961375,- 62.51,+ 62.51,4.28,1.18,30.09. 07:00
2023-09-09 12:08:19.661696,25688,Menej / Viac,/stavkovanie/politika/slovensko-parlamentne-volby-2023-volebna-ucast-v-/less-more-MSK78961399,- 65.01,+ 65.01,2.29,1.55,30.09. 07:00
2023-09-09 12:08:19.661696,27574,Menej / Viac,/stavkovanie/politika/slovensko-parlamentne-volby-2023-volebna-ucast-v-/less-more-MSK80696706,- 66.01,+ 66.01,1.9,1.8,30.09. 07:00
2023-09-09 12:08:19.661696,27576,Menej / Viac,/stavkovanie/politika/slovensko-parlamentne-volby-2023-volebna-ucast-v-/less-more-MSK80696709,- 67.51,+ 67.51,1.5,2.41,30.09. 07:00
2023-09-09 14:07:15.140237,25684,Menej / Viac,/stavkovanie/politika/slovensko-parlamentne-volby-2023-volebna-ucast-v-/less-more-MSK78961375,- 62.51,+ 62.51,4.28,1.18,30.09. 07:00
2023-09-09 14:07:15.140237,25688,Menej / Viac,/stavkovanie/politika/slovensko-parlamentne-volby-2023-volebna-ucast-v-/less-more-MSK78961399,- 65.01,+ 65.01,2.29,1.55,30.09. 07:00
2023-09-09 14:07:15.140237,27574,Menej / Viac,/stavkovanie/politika/slovensko-parlamentne-volby-2023-volebna-ucast-v-/less-more-MSK80696706,- 66.01,+ 66.01,1.9,1.8,30.09. 07:00
2023-09-09 14:07:15.140237,27576,Menej / Viac,/stavkovanie/politika/slovensko-parlamentne-volby-2023-volebna-ucast-v-/less-more-MSK80696709,- 67.51,+ 67.51,1.5,2.41,30.09. 07:00
2023-09-09 16:07:55.767630,25684,Menej / Viac,/stavkovanie/politika/slovensko-parlamentne-volby-2023-volebna-ucast-v-/less-more-MSK78961375,- 62.51,+ 62.51,4.28,1.18,30.09. 07:00
2023-09-09 16:07:55.767630,25688,Menej / Viac,/stavkovanie/politika/slovensko-parlamentne-volby-2023-volebna-ucast-v-/less-more-MSK78961399,- 65.01,+ 65.01,2.29,1.55,30.09. 07:00
2023-09-09 16:07:55.767630,27574,Menej / Viac,/stavkovanie/politika/slovensko-parlamentne-volby-2023-volebna-ucast-v-/less-more-MSK80696706,- 66.01,+ 66.01,1.9,1.8,30.09. 07:00
2023-09-09 16:07:55.767630,27576,Menej / Viac,/stavkovanie/politika/slovensko-parlamentne-volby-2023-volebna-ucast-v-/less-more-MSK80696709,- 67.51,+ 67.51,1.5,2.41,30.09. 07:00
2023-09-09 18:08:05.432937,25684,Menej / Viac,/stavkovanie/politika/slovensko-parlamentne-volby-2023-volebna-ucast-v-/less-more-MSK78961375,- 62.51,+ 62.51,4.28,1.18,30.09. 07:00
2023-09-09 18:08:05.432937,25688,Menej / Viac,/stavkovanie/politika/slovensko-parlamentne-volby-2023-volebna-ucast-v-/less-more-MSK78961399,- 65.01,+ 65.01,2.29,1.55,30.09. 07:00
2023-09-09 18:08:05.432937,27574,Menej / Viac,/stavkovanie/politika/slovensko-parlamentne-volby-2023-volebna-ucast-v-/less-more-MSK80696706,- 66.01,+ 66.01,1.9,1.8,30.09. 07:00
2023-09-09 18:08:05.432937,27576,Menej / Viac,/stavkovanie/politika/slovensko-parlamentne-volby-2023-volebna-ucast-v-/less-more-MSK80696709,- 67.51,+ 67.51,1.5,2.41,30.09. 07:00
2023-09-09 20:07:35.442886,25684,Menej / Viac,/stavkovanie/politika/slovensko-parlamentne-volby-2023-volebna-ucast-v-/less-more-MSK78961375,- 62.51,+ 62.51,4.28,1.18,30.09. 07:00
2023-09-09 20:07:35.442886,25688,Menej / Viac,/stavkovanie/politika/slovensko-parlamentne-volby-2023-volebna-ucast-v-/less-more-MSK78961399,- 65.01,+ 65.01,2.29,1.55,30.09. 07:00
2023-09-09 20:07:35.442886,27574,Menej / Viac,/stavkovanie/politika/slovensko-parlamentne-volby-2023-volebna-ucast-v-/less-more-MSK80696706,- 66.01,+ 66.01,1.9,1.8,30.09. 07:00
2023-09-09 20:07:35.442886,27576,Menej / Viac,/stavkovanie/politika/slovensko-parlamentne-volby-2023-volebna-ucast-v-/less-more-MSK80696709,- 67.51,+ 67.51,1.5,2.41,30.09. 07:00
2023-09-09 22:07:29.792159,25684,Menej / Viac,/stavkovanie/politika/slovensko-parlamentne-volby-2023-volebna-ucast-v-/less-more-MSK78961375,- 62.51,+ 62.51,4.28,1.18,30.09. 07:00
2023-09-09 22:07:29.792159,25688,Menej / Viac,/stavkovanie/politika/slovensko-parlamentne-volby-2023-volebna-ucast-v-/less-more-MSK78961399,- 65.01,+ 65.01,2.29,1.55,30.09. 07:00
2023-09-09 22:07:29.792159,27574,Menej / Viac,/stavkovanie/politika/slovensko-parlamentne-volby-2023-volebna-ucast-v-/less-more-MSK80696706,- 66.01,+ 66.01,1.9,1.8,30.09. 07:00
2023-09-09 22:07:29.792159,27576,Menej / Viac,/stavkovanie/politika/slovensko-parlamentne-volby-2023-volebna-ucast-v-/less-more-MSK80696709,- 67.51,+ 67.51,1.5,2.41,30.09. 07:00
2023-09-10 00:23:34.993603,25684,Menej / Viac,/stavkovanie/politika/slovensko-parlamentne-volby-2023-volebna-ucast-v-/less-more-MSK78961375,- 62.51,+ 62.51,4.28,1.18,30.09. 07:00
2023-09-10 00:23:34.993603,25688,Menej / Viac,/stavkovanie/politika/slovensko-parlamentne-volby-2023-volebna-ucast-v-/less-more-MSK78961399,- 65.01,+ 65.01,2.29,1.55,30.09. 07:00
2023-09-10 00:23:34.993603,27574,Menej / Viac,/stavkovanie/politika/slovensko-parlamentne-volby-2023-volebna-ucast-v-/less-more-MSK80696706,- 66.01,+ 66.01,1.9,1.8,30.09. 07:00
2023-09-10 00:23:34.993603,27576,Menej / Viac,/stavkovanie/politika/slovensko-parlamentne-volby-2023-volebna-ucast-v-/less-more-MSK80696709,- 67.51,+ 67.51,1.5,2.41,30.09. 07:00
2023-09-10 02:13:02.485483,25684,Menej / Viac,/stavkovanie/politika/slovensko-parlamentne-volby-2023-volebna-ucast-v-/less-more-MSK78961375,- 62.51,+ 62.51,4.28,1.18,30.09. 07:00
2023-09-10 02:13:02.485483,25688,Menej / Viac,/stavkovanie/politika/slovensko-parlamentne-volby-2023-volebna-ucast-v-/less-more-MSK78961399,- 65.01,+ 65.01,2.29,1.55,30.09. 07:00
2023-09-10 02:13:02.485483,27574,Menej / Viac,/stavkovanie/politika/slovensko-parlamentne-volby-2023-volebna-ucast-v-/less-more-MSK80696706,- 66.01,+ 66.01,1.9,1.8,30.09. 07:00
2023-09-10 02:13:02.485483,27576,Menej / Viac,/stavkovanie/politika/slovensko-parlamentne-volby-2023-volebna-ucast-v-/less-more-MSK80696709,- 67.51,+ 67.51,1.5,2.41,30.09. 07:00
2023-09-10 04:08:06.904560,25684,Menej / Viac,/stavkovanie/politika/slovensko-parlamentne-volby-2023-volebna-ucast-v-/less-more-MSK78961375,- 62.51,+ 62.51,4.28,1.18,30.09. 07:00
2023-09-10 04:08:06.904560,25688,Menej / Viac,/stavkovanie/politika/slovensko-parlamentne-volby-2023-volebna-ucast-v-/less-more-MSK78961399,- 65.01,+ 65.01,2.29,1.55,30.09. 07:00
2023-09-10 04:08:06.904560,27574,Menej / Viac,/stavkovanie/politika/slovensko-parlamentne-volby-2023-volebna-ucast-v-/less-more-MSK80696706,- 66.01,+ 66.01,1.9,1.8,30.09. 07:00
2023-09-10 04:08:06.904560,27576,Menej / Viac,/stavkovanie/politika/slovensko-parlamentne-volby-2023-volebna-ucast-v-/less-more-MSK80696709,- 67.51,+ 67.51,1.5,2.41,30.09. 07:00
2023-09-10 06:07:54.658228,25684,Menej / Viac,/stavkovanie/politika/slovensko-parlamentne-volby-2023-volebna-ucast-v-/less-more-MSK78961375,- 62.51,+ 62.51,4.28,1.18,30.09. 07:00
2023-09-10 06:07:54.658228,25688,Menej / Viac,/stavkovanie/politika/slovensko-parlamentne-volby-2023-volebna-ucast-v-/less-more-MSK78961399,- 65.01,+ 65.01,2.29,1.55,30.09. 07:00
2023-09-10 06:07:54.658228,27574,Menej / Viac,/stavkovanie/politika/slovensko-parlamentne-volby-2023-volebna-ucast-v-/less-more-MSK80696706,- 66.01,+ 66.01,1.9,1.8,30.09. 07:00
2023-09-10 06:07:54.658228,27576,Menej / Viac,/stavkovanie/politika/slovensko-parlamentne-volby-2023-volebna-ucast-v-/less-more-MSK80696709,- 67.51,+ 67.51,1.5,2.41,30.09. 07:00
2023-09-10 08:07:57.994106,25684,Menej / Viac,/stavkovanie/politika/slovensko-parlamentne-volby-2023-volebna-ucast-v-/less-more-MSK78961375,- 62.51,+ 62.51,4.28,1.18,30.09. 07:00
2023-09-10 08:07:57.994106,25688,Menej / Viac,/stavkovanie/politika/slovensko-parlamentne-volby-2023-volebna-ucast-v-/less-more-MSK78961399,- 65.01,+ 65.01,2.29,1.55,30.09. 07:00
2023-09-10 08:07:57.994106,27574,Menej / Viac,/stavkovanie/politika/slovensko-parlamentne-volby-2023-volebna-ucast-v-/less-more-MSK80696706,- 66.01,+ 66.01,1.9,1.8,30.09. 07:00
2023-09-10 08:07:57.994106,27576,Menej / Viac,/stavkovanie/politika/slovensko-parlamentne-volby-2023-volebna-ucast-v-/less-more-MSK80696709,- 67.51,+ 67.51,1.5,2.41,30.09. 07:00
2023-09-10 10:07:39.544226,25684,Menej / Viac,/stavkovanie/politika/slovensko-parlamentne-volby-2023-volebna-ucast-v-/less-more-MSK78961375,- 62.51,+ 62.51,4.28,1.18,30.09. 07:00
2023-09-10 10:07:39.544226,25688,Menej / Viac,/stavkovanie/politika/slovensko-parlamentne-volby-2023-volebna-ucast-v-/less-more-MSK78961399,- 65.01,+ 65.01,2.29,1.55,30.09. 07:00
2023-09-10 10:07:39.544226,27574,Menej / Viac,/stavkovanie/politika/slovensko-parlamentne-volby-2023-volebna-ucast-v-/less-more-MSK80696706,- 66.01,+ 66.01,1.9,1.8,30.09. 07:00
2023-09-10 10:07:39.544226,27576,Menej / Viac,/stavkovanie/politika/slovensko-parlamentne-volby-2023-volebna-ucast-v-/less-more-MSK80696709,- 67.51,+ 67.51,1.5,2.41,30.09. 07:00
2023-09-10 12:08:31.495988,25684,Menej / Viac,/stavkovanie/politika/slovensko-parlamentne-volby-2023-volebna-ucast-v-/less-more-MSK78961375,- 62.51,+ 62.51,4.28,1.18,30.09. 07:00
2023-09-10 12:08:31.495988,25688,Menej / Viac,/stavkovanie/politika/slovensko-parlamentne-volby-2023-volebna-ucast-v-/less-more-MSK78961399,- 65.01,+ 65.01,2.29,1.55,30.09. 07:00
2023-09-10 12:08:31.495988,27574,Menej / Viac,/stavkovanie/politika/slovensko-parlamentne-volby-2023-volebna-ucast-v-/less-more-MSK80696706,- 66.01,+ 66.01,1.9,1.8,30.09. 07:00
2023-09-10 12:08:31.495988,27576,Menej / Viac,/stavkovanie/politika/slovensko-parlamentne-volby-2023-volebna-ucast-v-/less-more-MSK80696709,- 67.51,+ 67.51,1.5,2.41,30.09. 07:00
2023-09-10 14:07:09.224857,25684,Menej / Viac,/stavkovanie/politika/slovensko-parlamentne-volby-2023-volebna-ucast-v-/less-more-MSK78961375,- 62.51,+ 62.51,4.28,1.18,30.09. 07:00
2023-09-10 14:07:09.224857,25688,Menej / Viac,/stavkovanie/politika/slovensko-parlamentne-volby-2023-volebna-ucast-v-/less-more-MSK78961399,- 65.01,+ 65.01,2.29,1.55,30.09. 07:00
2023-09-10 14:07:09.224857,27574,Menej / Viac,/stavkovanie/politika/slovensko-parlamentne-volby-2023-volebna-ucast-v-/less-more-MSK80696706,- 66.01,+ 66.01,1.9,1.8,30.09. 07:00
2023-09-10 14:07:09.224857,27576,Menej / Viac,/stavkovanie/politika/slovensko-parlamentne-volby-2023-volebna-ucast-v-/less-more-MSK80696709,- 67.51,+ 67.51,1.5,2.41,30.09. 07:00
2023-09-10 16:07:42.906717,25684,Menej / Viac,/stavkovanie/politika/slovensko-parlamentne-volby-2023-volebna-ucast-v-/less-more-MSK78961375,- 62.51,+ 62.51,4.28,1.18,30.09. 07:00
2023-09-10 16:07:42.906717,25688,Menej / Viac,/stavkovanie/politika/slovensko-parlamentne-volby-2023-volebna-ucast-v-/less-more-MSK78961399,- 65.01,+ 65.01,2.29,1.55,30.09. 07:00
2023-09-10 16:07:42.906717,27574,Menej / Viac,/stavkovanie/politika/slovensko-parlamentne-volby-2023-volebna-ucast-v-/less-more-MSK80696706,- 66.01,+ 66.01,1.9,1.8,30.09. 07:00
2023-09-10 16:07:42.906717,27576,Menej / Viac,/stavkovanie/politika/slovensko-parlamentne-volby-2023-volebna-ucast-v-/less-more-MSK80696709,- 67.51,+ 67.51,1.5,2.41,30.09. 07:00
2023-09-10 20:07:47.222149,25684,Menej / Viac,/stavkovanie/politika/slovensko-parlamentne-volby-2023-volebna-ucast-v-/less-more-MSK78961375,- 62.51,+ 62.51,4.28,1.18,30.09. 07:00
2023-09-10 20:07:47.222149,25688,Menej / Viac,/stavkovanie/politika/slovensko-parlamentne-volby-2023-volebna-ucast-v-/less-more-MSK78961399,- 65.01,+ 65.01,2.29,1.55,30.09. 07:00
2023-09-10 20:07:47.222149,27574,Menej / Viac,/stavkovanie/politika/slovensko-parlamentne-volby-2023-volebna-ucast-v-/less-more-MSK80696706,- 66.01,+ 66.01,1.9,1.8,30.09. 07:00
2023-09-10 20:07:47.222149,27576,Menej / Viac,/stavkovanie/politika/slovensko-parlamentne-volby-2023-volebna-ucast-v-/less-more-MSK80696709,- 67.51,+ 67.51,1.5,2.41,30.09. 07:00
2023-09-10 22:07:25.789766,25684,Menej / Viac,/stavkovanie/politika/slovensko-parlamentne-volby-2023-volebna-ucast-v-/less-more-MSK78961375,- 62.51,+ 62.51,4.28,1.18,30.09. 07:00
2023-09-10 22:07:25.789766,25688,Menej / Viac,/stavkovanie/politika/slovensko-parlamentne-volby-2023-volebna-ucast-v-/less-more-MSK78961399,- 65.01,+ 65.01,2.29,1.55,30.09. 07:00
2023-09-10 22:07:25.789766,27574,Menej / Viac,/stavkovanie/politika/slovensko-parlamentne-volby-2023-volebna-ucast-v-/less-more-MSK80696706,- 66.01,+ 66.01,1.9,1.8,30.09. 07:00
2023-09-10 22:07:25.789766,27576,Menej / Viac,/stavkovanie/politika/slovensko-parlamentne-volby-2023-volebna-ucast-v-/less-more-MSK80696709,- 67.51,+ 67.51,1.5,2.41,30.09. 07:00
2023-09-11 00:22:21.528552,25684,Menej / Viac,/stavkovanie/politika/slovensko-parlamentne-volby-2023-volebna-ucast-v-/less-more-MSK78961375,- 62.51,+ 62.51,4.28,1.18,30.09. 07:00
2023-09-11 00:22:21.528552,25688,Menej / Viac,/stavkovanie/politika/slovensko-parlamentne-volby-2023-volebna-ucast-v-/less-more-MSK78961399,- 65.01,+ 65.01,2.29,1.55,30.09. 07:00
2023-09-11 00:22:21.528552,27574,Menej / Viac,/stavkovanie/politika/slovensko-parlamentne-volby-2023-volebna-ucast-v-/less-more-MSK80696706,- 66.01,+ 66.01,1.9,1.8,30.09. 07:00
2023-09-11 00:22:21.528552,27576,Menej / Viac,/stavkovanie/politika/slovensko-parlamentne-volby-2023-volebna-ucast-v-/less-more-MSK80696709,- 67.51,+ 67.51,1.5,2.41,30.09. 07:00
2023-09-11 02:12:34.487759,25684,Menej / Viac,/stavkovanie/politika/slovensko-parlamentne-volby-2023-volebna-ucast-v-/less-more-MSK78961375,- 62.51,+ 62.51,4.28,1.18,30.09. 07:00
2023-09-11 02:12:34.487759,25688,Menej / Viac,/stavkovanie/politika/slovensko-parlamentne-volby-2023-volebna-ucast-v-/less-more-MSK78961399,- 65.01,+ 65.01,2.29,1.55,30.09. 07:00
2023-09-11 02:12:34.487759,27574,Menej / Viac,/stavkovanie/politika/slovensko-parlamentne-volby-2023-volebna-ucast-v-/less-more-MSK80696706,- 66.01,+ 66.01,1.9,1.8,30.09. 07:00
2023-09-11 02:12:34.487759,27576,Menej / Viac,/stavkovanie/politika/slovensko-parlamentne-volby-2023-volebna-ucast-v-/less-more-MSK80696709,- 67.51,+ 67.51,1.5,2.41,30.09. 07:00
2023-09-11 04:08:03.711565,25684,Menej / Viac,/stavkovanie/politika/slovensko-parlamentne-volby-2023-volebna-ucast-v-/less-more-MSK78961375,- 62.51,+ 62.51,4.28,1.18,30.09. 07:00
2023-09-11 04:08:03.711565,25688,Menej / Viac,/stavkovanie/politika/slovensko-parlamentne-volby-2023-volebna-ucast-v-/less-more-MSK78961399,- 65.01,+ 65.01,2.29,1.55,30.09. 07:00
2023-09-11 04:08:03.711565,27574,Menej / Viac,/stavkovanie/politika/slovensko-parlamentne-volby-2023-volebna-ucast-v-/less-more-MSK80696706,- 66.01,+ 66.01,1.9,1.8,30.09. 07:00
2023-09-11 04:08:03.711565,27576,Menej / Viac,/stavkovanie/politika/slovensko-parlamentne-volby-2023-volebna-ucast-v-/less-more-MSK80696709,- 67.51,+ 67.51,1.5,2.41,30.09. 07:00
2023-09-11 06:08:13.324861,25684,Menej / Viac,/stavkovanie/politika/slovensko-parlamentne-volby-2023-volebna-ucast-v-/less-more-MSK78961375,- 62.51,+ 62.51,4.28,1.18,30.09. 07:00
2023-09-11 06:08:13.324861,25688,Menej / Viac,/stavkovanie/politika/slovensko-parlamentne-volby-2023-volebna-ucast-v-/less-more-MSK78961399,- 65.01,+ 65.01,2.29,1.55,30.09. 07:00
2023-09-11 06:08:13.324861,27574,Menej / Viac,/stavkovanie/politika/slovensko-parlamentne-volby-2023-volebna-ucast-v-/less-more-MSK80696706,- 66.01,+ 66.01,1.9,1.8,30.09. 07:00
2023-09-11 06:08:13.324861,27576,Menej / Viac,/stavkovanie/politika/slovensko-parlamentne-volby-2023-volebna-ucast-v-/less-more-MSK80696709,- 67.51,+ 67.51,1.5,2.41,30.09. 07:00
2023-09-11 08:08:19.589749,25684,Menej / Viac,/stavkovanie/politika/slovensko-parlamentne-volby-2023-volebna-ucast-v-/less-more-MSK78961375,- 62.51,+ 62.51,4.28,1.18,30.09. 07:00
2023-09-11 08:08:19.589749,25688,Menej / Viac,/stavkovanie/politika/slovensko-parlamentne-volby-2023-volebna-ucast-v-/less-more-MSK78961399,- 65.01,+ 65.01,2.29,1.55,30.09. 07:00
2023-09-11 08:08:19.589749,27574,Menej / Viac,/stavkovanie/politika/slovensko-parlamentne-volby-2023-volebna-ucast-v-/less-more-MSK80696706,- 66.01,+ 66.01,1.78,1.93,30.09. 07:00
2023-09-11 08:08:19.589749,27576,Menej / Viac,/stavkovanie/politika/slovensko-parlamentne-volby-2023-volebna-ucast-v-/less-more-MSK80696709,- 67.51,+ 67.51,1.5,2.41,30.09. 07:00
2023-09-11 10:07:49.766876,25684,Menej / Viac,/stavkovanie/politika/slovensko-parlamentne-volby-2023-volebna-ucast-v-/less-more-MSK78961375,- 62.51,+ 62.51,4.28,1.18,30.09. 07:00
2023-09-11 10:07:49.766876,25688,Menej / Viac,/stavkovanie/politika/slovensko-parlamentne-volby-2023-volebna-ucast-v-/less-more-MSK78961399,- 65.01,+ 65.01,2.29,1.55,30.09. 07:00
2023-09-11 10:07:49.766876,27574,Menej / Viac,/stavkovanie/politika/slovensko-parlamentne-volby-2023-volebna-ucast-v-/less-more-MSK80696706,- 66.01,+ 66.01,1.78,1.93,30.09. 07:00
2023-09-11 10:07:49.766876,27576,Menej / Viac,/stavkovanie/politika/slovensko-parlamentne-volby-2023-volebna-ucast-v-/less-more-MSK80696709,- 67.51,+ 67.51,1.5,2.41,30.09. 07:00
2023-09-11 12:09:06.848532,25684,Menej / Viac,/stavkovanie/politika/slovensko-parlamentne-volby-2023-volebna-ucast-v-/less-more-MSK78961375,- 62.51,+ 62.51,4.28,1.18,30.09. 07:00
2023-09-11 12:09:06.848532,25688,Menej / Viac,/stavkovanie/politika/slovensko-parlamentne-volby-2023-volebna-ucast-v-/less-more-MSK78961399,- 65.01,+ 65.01,2.29,1.55,30.09. 07:00
2023-09-11 12:09:06.848532,27574,Menej / Viac,/stavkovanie/politika/slovensko-parlamentne-volby-2023-volebna-ucast-v-/less-more-MSK80696706,- 66.01,+ 66.01,1.9,1.8,30.09. 07:00
2023-09-11 12:09:06.848532,27576,Menej / Viac,/stavkovanie/politika/slovensko-parlamentne-volby-2023-volebna-ucast-v-/less-more-MSK80696709,- 67.51,+ 67.51,1.55,2.29,30.09. 07:00
2023-09-11 14:07:47.544862,25684,Menej / Viac,/stavkovanie/politika/slovensko-parlamentne-volby-2023-volebna-ucast-v-/less-more-MSK78961375,- 62.51,+ 62.51,4.73,1.15,30.09. 07:00
2023-09-11 14:07:47.544862,25688,Menej / Viac,/stavkovanie/politika/slovensko-parlamentne-volby-2023-volebna-ucast-v-/less-more-MSK78961399,- 65.01,+ 65.01,2.41,1.5,30.09. 07:00
2023-09-11 14:07:47.544862,27574,Menej / Viac,/stavkovanie/politika/slovensko-parlamentne-volby-2023-volebna-ucast-v-/less-more-MSK80696706,- 66.01,+ 66.01,2.0,1.72,30.09. 07:00
2023-09-11 14:07:47.544862,27576,Menej / Viac,/stavkovanie/politika/slovensko-parlamentne-volby-2023-volebna-ucast-v-/less-more-MSK80696709,- 67.51,+ 67.51,1.55,2.3,30.09. 07:00
2023-09-11 16:08:04.449290,25684,Menej / Viac,/stavkovanie/politika/slovensko-parlamentne-volby-2023-volebna-ucast-v-/less-more-MSK78961375,- 62.51,+ 62.51,4.73,1.15,30.09. 07:00
2023-09-11 16:08:04.449290,25688,Menej / Viac,/stavkovanie/politika/slovensko-parlamentne-volby-2023-volebna-ucast-v-/less-more-MSK78961399,- 65.01,+ 65.01,2.41,1.5,30.09. 07:00
2023-09-11 16:08:04.449290,27574,Menej / Viac,/stavkovanie/politika/slovensko-parlamentne-volby-2023-volebna-ucast-v-/less-more-MSK80696706,- 66.01,+ 66.01,2.0,1.72,30.09. 07:00
2023-09-11 16:08:04.449290,27576,Menej / Viac,/stavkovanie/politika/slovensko-parlamentne-volby-2023-volebna-ucast-v-/less-more-MSK80696709,- 67.51,+ 67.51,1.55,2.3,30.09. 07:00
2023-09-11 18:08:05.352227,25684,Menej / Viac,/stavkovanie/politika/slovensko-parlamentne-volby-2023-volebna-ucast-v-/less-more-MSK78961375,- 62.51,+ 62.51,4.04,1.2,30.09. 07:00
2023-09-11 18:08:05.352227,25688,Menej / Viac,/stavkovanie/politika/slovensko-parlamentne-volby-2023-volebna-ucast-v-/less-more-MSK78961399,- 65.01,+ 65.01,2.41,1.5,30.09. 07:00
2023-09-11 18:08:05.352227,27574,Menej / Viac,/stavkovanie/politika/slovensko-parlamentne-volby-2023-volebna-ucast-v-/less-more-MSK80696706,- 66.01,+ 66.01,2.0,1.72,30.09. 07:00
2023-09-11 18:08:05.352227,27576,Menej / Viac,/stavkovanie/politika/slovensko-parlamentne-volby-2023-volebna-ucast-v-/less-more-MSK80696709,- 67.51,+ 67.51,1.55,2.3,30.09. 07:00
2023-09-11 20:07:36.736927,25684,Menej / Viac,/stavkovanie/politika/slovensko-parlamentne-volby-2023-volebna-ucast-v-/less-more-MSK78961375,- 62.51,+ 62.51,4.04,1.2,30.09. 07:00
2023-09-11 20:07:36.736927,25688,Menej / Viac,/stavkovanie/politika/slovensko-parlamentne-volby-2023-volebna-ucast-v-/less-more-MSK78961399,- 65.01,+ 65.01,2.41,1.5,30.09. 07:00
2023-09-11 20:07:36.736927,27574,Menej / Viac,/stavkovanie/politika/slovensko-parlamentne-volby-2023-volebna-ucast-v-/less-more-MSK80696706,- 66.01,+ 66.01,2.0,1.72,30.09. 07:00
2023-09-11 20:07:36.736927,27576,Menej / Viac,/stavkovanie/politika/slovensko-parlamentne-volby-2023-volebna-ucast-v-/less-more-MSK80696709,- 67.51,+ 67.51,1.55,2.3,30.09. 07:00
2023-09-11 22:07:37.499417,25684,Menej / Viac,/stavkovanie/politika/slovensko-parlamentne-volby-2023-volebna-ucast-v-/less-more-MSK78961375,- 62.51,+ 62.51,4.04,1.2,30.09. 07:00
2023-09-11 22:07:37.499417,25688,Menej / Viac,/stavkovanie/politika/slovensko-parlamentne-volby-2023-volebna-ucast-v-/less-more-MSK78961399,- 65.01,+ 65.01,2.41,1.5,30.09. 07:00
2023-09-11 22:07:37.499417,27574,Menej / Viac,/stavkovanie/politika/slovensko-parlamentne-volby-2023-volebna-ucast-v-/less-more-MSK80696706,- 66.01,+ 66.01,2.0,1.72,30.09. 07:00
2023-09-11 22:07:37.499417,27576,Menej / Viac,/stavkovanie/politika/slovensko-parlamentne-volby-2023-volebna-ucast-v-/less-more-MSK80696709,- 67.51,+ 67.51,1.55,2.3,30.09. 07:00
2023-09-12 00:20:51.807719,25684,Menej / Viac,/stavkovanie/politika/slovensko-parlamentne-volby-2023-volebna-ucast-v-/less-more-MSK78961375,- 62.51,+ 62.51,4.04,1.2,30.09. 07:00
2023-09-12 00:20:51.807719,25688,Menej / Viac,/stavkovanie/politika/slovensko-parlamentne-volby-2023-volebna-ucast-v-/less-more-MSK78961399,- 65.01,+ 65.01,2.41,1.5,30.09. 07:00
2023-09-12 00:20:51.807719,27574,Menej / Viac,/stavkovanie/politika/slovensko-parlamentne-volby-2023-volebna-ucast-v-/less-more-MSK80696706,- 66.01,+ 66.01,2.0,1.72,30.09. 07:00
2023-09-12 00:20:51.807719,27576,Menej / Viac,/stavkovanie/politika/slovensko-parlamentne-volby-2023-volebna-ucast-v-/less-more-MSK80696709,- 67.51,+ 67.51,1.55,2.3,30.09. 07:00
2023-09-12 02:11:08.580265,25684,Menej / Viac,/stavkovanie/politika/slovensko-parlamentne-volby-2023-volebna-ucast-v-/less-more-MSK78961375,- 62.51,+ 62.51,4.04,1.2,30.09. 07:00
2023-09-12 02:11:08.580265,25688,Menej / Viac,/stavkovanie/politika/slovensko-parlamentne-volby-2023-volebna-ucast-v-/less-more-MSK78961399,- 65.01,+ 65.01,2.41,1.5,30.09. 07:00
2023-09-12 02:11:08.580265,27574,Menej / Viac,/stavkovanie/politika/slovensko-parlamentne-volby-2023-volebna-ucast-v-/less-more-MSK80696706,- 66.01,+ 66.01,2.0,1.72,30.09. 07:00
2023-09-12 02:11:08.580265,27576,Menej / Viac,/stavkovanie/politika/slovensko-parlamentne-volby-2023-volebna-ucast-v-/less-more-MSK80696709,- 67.51,+ 67.51,1.55,2.3,30.09. 07:00
2023-09-12 04:08:00.529410,25684,Menej / Viac,/stavkovanie/politika/slovensko-parlamentne-volby-2023-volebna-ucast-v-/less-more-MSK78961375,- 62.51,+ 62.51,4.04,1.2,30.09. 07:00
2023-09-12 04:08:00.529410,25688,Menej / Viac,/stavkovanie/politika/slovensko-parlamentne-volby-2023-volebna-ucast-v-/less-more-MSK78961399,- 65.01,+ 65.01,2.41,1.5,30.09. 07:00
2023-09-12 04:08:00.529410,27574,Menej / Viac,/stavkovanie/politika/slovensko-parlamentne-volby-2023-volebna-ucast-v-/less-more-MSK80696706,- 66.01,+ 66.01,2.0,1.72,30.09. 07:00
2023-09-12 04:08:00.529410,27576,Menej / Viac,/stavkovanie/politika/slovensko-parlamentne-volby-2023-volebna-ucast-v-/less-more-MSK80696709,- 67.51,+ 67.51,1.55,2.3,30.09. 07:00
2023-09-12 06:08:05.438924,25684,Menej / Viac,/stavkovanie/politika/slovensko-parlamentne-volby-2023-volebna-ucast-v-/less-more-MSK78961375,- 62.51,+ 62.51,4.04,1.2,30.09. 07:00
2023-09-12 06:08:05.438924,25688,Menej / Viac,/stavkovanie/politika/slovensko-parlamentne-volby-2023-volebna-ucast-v-/less-more-MSK78961399,- 65.01,+ 65.01,2.41,1.5,30.09. 07:00
2023-09-12 06:08:05.438924,27574,Menej / Viac,/stavkovanie/politika/slovensko-parlamentne-volby-2023-volebna-ucast-v-/less-more-MSK80696706,- 66.01,+ 66.01,2.0,1.72,30.09. 07:00
2023-09-12 06:08:05.438924,27576,Menej / Viac,/stavkovanie/politika/slovensko-parlamentne-volby-2023-volebna-ucast-v-/less-more-MSK80696709,- 67.51,+ 67.51,1.55,2.3,30.09. 07:00
2023-09-12 08:08:31.535448,25684,Menej / Viac,/stavkovanie/politika/slovensko-parlamentne-volby-2023-volebna-ucast-v-/less-more-MSK78961375,- 62.51,+ 62.51,4.04,1.2,30.09. 07:00
2023-09-12 08:08:31.535448,25688,Menej / Viac,/stavkovanie/politika/slovensko-parlamentne-volby-2023-volebna-ucast-v-/less-more-MSK78961399,- 65.01,+ 65.01,2.41,1.5,30.09. 07:00
2023-09-12 08:08:31.535448,27574,Menej / Viac,/stavkovanie/politika/slovensko-parlamentne-volby-2023-volebna-ucast-v-/less-more-MSK80696706,- 66.01,+ 66.01,2.0,1.72,30.09. 07:00
2023-09-12 08:08:31.535448,27576,Menej / Viac,/stavkovanie/politika/slovensko-parlamentne-volby-2023-volebna-ucast-v-/less-more-MSK80696709,- 67.51,+ 67.51,1.55,2.3,30.09. 07:00
2023-09-12 10:07:53.657170,25684,Menej / Viac,/stavkovanie/politika/slovensko-parlamentne-volby-2023-volebna-ucast-v-/less-more-MSK78961375,- 62.51,+ 62.51,4.04,1.2,30.09. 07:00
2023-09-12 10:07:53.657170,25688,Menej / Viac,/stavkovanie/politika/slovensko-parlamentne-volby-2023-volebna-ucast-v-/less-more-MSK78961399,- 65.01,+ 65.01,2.41,1.5,30.09. 07:00
2023-09-12 10:07:53.657170,27574,Menej / Viac,/stavkovanie/politika/slovensko-parlamentne-volby-2023-volebna-ucast-v-/less-more-MSK80696706,- 66.01,+ 66.01,2.0,1.72,30.09. 07:00
2023-09-12 10:07:53.657170,27576,Menej / Viac,/stavkovanie/politika/slovensko-parlamentne-volby-2023-volebna-ucast-v-/less-more-MSK80696709,- 67.51,+ 67.51,1.55,2.3,30.09. 07:00
2023-09-12 12:08:51.405776,25684,Menej / Viac,/stavkovanie/politika/slovensko-parlamentne-volby-2023-volebna-ucast-v-/less-more-MSK78961375,- 62.51,+ 62.51,4.04,1.2,30.09. 07:00
2023-09-12 12:08:51.405776,25688,Menej / Viac,/stavkovanie/politika/slovensko-parlamentne-volby-2023-volebna-ucast-v-/less-more-MSK78961399,- 65.01,+ 65.01,2.41,1.5,30.09. 07:00
2023-09-12 12:08:51.405776,27574,Menej / Viac,/stavkovanie/politika/slovensko-parlamentne-volby-2023-volebna-ucast-v-/less-more-MSK80696706,- 66.01,+ 66.01,2.0,1.72,30.09. 07:00
2023-09-12 12:08:51.405776,27576,Menej / Viac,/stavkovanie/politika/slovensko-parlamentne-volby-2023-volebna-ucast-v-/less-more-MSK80696709,- 67.51,+ 67.51,1.55,2.3,30.09. 07:00
2023-09-12 14:07:43.895537,25684,Menej / Viac,/stavkovanie/politika/slovensko-parlamentne-volby-2023-volebna-ucast-v-/less-more-MSK78961375,- 62.51,+ 62.51,4.04,1.2,30.09. 07:00
2023-09-12 14:07:43.895537,25688,Menej / Viac,/stavkovanie/politika/slovensko-parlamentne-volby-2023-volebna-ucast-v-/less-more-MSK78961399,- 65.01,+ 65.01,2.41,1.5,30.09. 07:00
2023-09-12 14:07:43.895537,27574,Menej / Viac,/stavkovanie/politika/slovensko-parlamentne-volby-2023-volebna-ucast-v-/less-more-MSK80696706,- 66.01,+ 66.01,2.0,1.72,30.09. 07:00
2023-09-12 14:07:43.895537,27576,Menej / Viac,/stavkovanie/politika/slovensko-parlamentne-volby-2023-volebna-ucast-v-/less-more-MSK80696709,- 67.51,+ 67.51,1.55,2.3,30.09. 07:00
2023-09-12 16:08:07.180770,25688,Menej / Viac,/stavkovanie/politika/slovensko-parlamentne-volby-2023-volebna-ucast-v-/less-more-MSK78961399,- 65.01,+ 65.01,2.41,1.5,30.09. 07:00
2023-09-12 16:08:07.180770,27574,Menej / Viac,/stavkovanie/politika/slovensko-parlamentne-volby-2023-volebna-ucast-v-/less-more-MSK80696706,- 66.01,+ 66.01,2.0,1.72,30.09. 07:00
2023-09-12 16:08:07.180770,27576,Menej / Viac,/stavkovanie/politika/slovensko-parlamentne-volby-2023-volebna-ucast-v-/less-more-MSK80696709,- 67.51,+ 67.51,1.55,2.3,30.09. 07:00
2023-09-12 18:08:19.368785,25688,Menej / Viac,/stavkovanie/politika/slovensko-parlamentne-volby-2023-volebna-ucast-v-/less-more-MSK78961399,- 65.01,+ 65.01,2.41,1.5,30.09. 07:00
2023-09-12 18:08:19.368785,27574,Menej / Viac,/stavkovanie/politika/slovensko-parlamentne-volby-2023-volebna-ucast-v-/less-more-MSK80696706,- 66.01,+ 66.01,2.0,1.72,30.09. 07:00
2023-09-12 18:08:19.368785,27575,Menej / Viac,/stavkovanie/politika/slovensko-parlamentne-volby-2023-volebna-ucast-v-/less-more-MSK80696708,- 67.01,+ 67.01,1.72,2.0,30.09. 07:00
2023-09-12 18:08:19.368785,27576,Menej / Viac,/stavkovanie/politika/slovensko-parlamentne-volby-2023-volebna-ucast-v-/less-more-MSK80696709,- 67.51,+ 67.51,1.6,2.2,30.09. 07:00
2023-09-12 20:07:54.419768,25688,Menej / Viac,/stavkovanie/politika/slovensko-parlamentne-volby-2023-volebna-ucast-v-/less-more-MSK78961399,- 65.01,+ 65.01,2.41,1.5,30.09. 07:00
2023-09-12 20:07:54.419768,27574,Menej / Viac,/stavkovanie/politika/slovensko-parlamentne-volby-2023-volebna-ucast-v-/less-more-MSK80696706,- 66.01,+ 66.01,2.0,1.72,30.09. 07:00
2023-09-12 20:07:54.419768,27575,Menej / Viac,/stavkovanie/politika/slovensko-parlamentne-volby-2023-volebna-ucast-v-/less-more-MSK80696708,- 67.01,+ 67.01,1.72,2.0,30.09. 07:00
2023-09-12 20:07:54.419768,27576,Menej / Viac,/stavkovanie/politika/slovensko-parlamentne-volby-2023-volebna-ucast-v-/less-more-MSK80696709,- 67.51,+ 67.51,1.6,2.2,30.09. 07:00
2023-09-12 22:07:42.147197,25688,Menej / Viac,/stavkovanie/politika/slovensko-parlamentne-volby-2023-volebna-ucast-v-/less-more-MSK78961399,- 65.01,+ 65.01,2.41,1.5,30.09. 07:00
2023-09-12 22:07:42.147197,27574,Menej / Viac,/stavkovanie/politika/slovensko-parlamentne-volby-2023-volebna-ucast-v-/less-more-MSK80696706,- 66.01,+ 66.01,2.0,1.72,30.09. 07:00
2023-09-12 22:07:42.147197,27575,Menej / Viac,/stavkovanie/politika/slovensko-parlamentne-volby-2023-volebna-ucast-v-/less-more-MSK80696708,- 67.01,+ 67.01,1.72,2.0,30.09. 07:00
2023-09-12 22:07:42.147197,27576,Menej / Viac,/stavkovanie/politika/slovensko-parlamentne-volby-2023-volebna-ucast-v-/less-more-MSK80696709,- 67.51,+ 67.51,1.6,2.2,30.09. 07:00
2023-09-13 00:22:15.290810,25688,Menej / Viac,/stavkovanie/politika/slovensko-parlamentne-volby-2023-volebna-ucast-v-/less-more-MSK78961399,- 65.01,+ 65.01,2.41,1.5,30.09. 07:00
2023-09-13 00:22:15.290810,27574,Menej / Viac,/stavkovanie/politika/slovensko-parlamentne-volby-2023-volebna-ucast-v-/less-more-MSK80696706,- 66.01,+ 66.01,2.0,1.72,30.09. 07:00
2023-09-13 00:22:15.290810,27575,Menej / Viac,/stavkovanie/politika/slovensko-parlamentne-volby-2023-volebna-ucast-v-/less-more-MSK80696708,- 67.01,+ 67.01,1.72,2.0,30.09. 07:00
2023-09-13 00:22:15.290810,27576,Menej / Viac,/stavkovanie/politika/slovensko-parlamentne-volby-2023-volebna-ucast-v-/less-more-MSK80696709,- 67.51,+ 67.51,1.6,2.2,30.09. 07:00
2023-09-13 02:12:19.217753,25688,Menej / Viac,/stavkovanie/politika/slovensko-parlamentne-volby-2023-volebna-ucast-v-/less-more-MSK78961399,- 65.01,+ 65.01,2.41,1.5,30.09. 07:00
2023-09-13 02:12:19.217753,27574,Menej / Viac,/stavkovanie/politika/slovensko-parlamentne-volby-2023-volebna-ucast-v-/less-more-MSK80696706,- 66.01,+ 66.01,2.0,1.72,30.09. 07:00
2023-09-13 02:12:19.217753,27575,Menej / Viac,/stavkovanie/politika/slovensko-parlamentne-volby-2023-volebna-ucast-v-/less-more-MSK80696708,- 67.01,+ 67.01,1.72,2.0,30.09. 07:00
2023-09-13 02:12:19.217753,27576,Menej / Viac,/stavkovanie/politika/slovensko-parlamentne-volby-2023-volebna-ucast-v-/less-more-MSK80696709,- 67.51,+ 67.51,1.6,2.2,30.09. 07:00
2023-09-13 04:08:13.652833,25688,Menej / Viac,/stavkovanie/politika/slovensko-parlamentne-volby-2023-volebna-ucast-v-/less-more-MSK78961399,- 65.01,+ 65.01,2.41,1.5,30.09. 07:00
2023-09-13 04:08:13.652833,27574,Menej / Viac,/stavkovanie/politika/slovensko-parlamentne-volby-2023-volebna-ucast-v-/less-more-MSK80696706,- 66.01,+ 66.01,2.0,1.72,30.09. 07:00
2023-09-13 04:08:13.652833,27575,Menej / Viac,/stavkovanie/politika/slovensko-parlamentne-volby-2023-volebna-ucast-v-/less-more-MSK80696708,- 67.01,+ 67.01,1.72,2.0,30.09. 07:00
2023-09-13 04:08:13.652833,27576,Menej / Viac,/stavkovanie/politika/slovensko-parlamentne-volby-2023-volebna-ucast-v-/less-more-MSK80696709,- 67.51,+ 67.51,1.6,2.2,30.09. 07:00
2023-09-13 06:08:24.816093,25688,Menej / Viac,/stavkovanie/politika/slovensko-parlamentne-volby-2023-volebna-ucast-v-/less-more-MSK78961399,- 65.01,+ 65.01,2.41,1.5,30.09. 07:00
2023-09-13 06:08:24.816093,27574,Menej / Viac,/stavkovanie/politika/slovensko-parlamentne-volby-2023-volebna-ucast-v-/less-more-MSK80696706,- 66.01,+ 66.01,2.0,1.72,30.09. 07:00
2023-09-13 06:08:24.816093,27575,Menej / Viac,/stavkovanie/politika/slovensko-parlamentne-volby-2023-volebna-ucast-v-/less-more-MSK80696708,- 67.01,+ 67.01,1.72,2.0,30.09. 07:00
2023-09-13 06:08:24.816093,27576,Menej / Viac,/stavkovanie/politika/slovensko-parlamentne-volby-2023-volebna-ucast-v-/less-more-MSK80696709,- 67.51,+ 67.51,1.6,2.2,30.09. 07:00
2023-09-13 08:08:36.405357,25688,Menej / Viac,/stavkovanie/politika/slovensko-parlamentne-volby-2023-volebna-ucast-v-/less-more-MSK78961399,- 65.01,+ 65.01,2.41,1.5,30.09. 07:00
2023-09-13 08:08:36.405357,27574,Menej / Viac,/stavkovanie/politika/slovensko-parlamentne-volby-2023-volebna-ucast-v-/less-more-MSK80696706,- 66.01,+ 66.01,1.96,1.75,30.09. 07:00
2023-09-13 08:08:36.405357,27575,Menej / Viac,/stavkovanie/politika/slovensko-parlamentne-volby-2023-volebna-ucast-v-/less-more-MSK80696708,- 67.01,+ 67.01,1.65,2.11,30.09. 07:00
2023-09-13 08:08:36.405357,27576,Menej / Viac,/stavkovanie/politika/slovensko-parlamentne-volby-2023-volebna-ucast-v-/less-more-MSK80696709,- 67.51,+ 67.51,1.52,2.36,30.09. 07:00
2023-09-13 10:07:58.540417,25688,Menej / Viac,/stavkovanie/politika/slovensko-parlamentne-volby-2023-volebna-ucast-v-/less-more-MSK78961399,- 65.01,+ 65.01,2.41,1.5,30.09. 07:00
2023-09-13 10:07:58.540417,27574,Menej / Viac,/stavkovanie/politika/slovensko-parlamentne-volby-2023-volebna-ucast-v-/less-more-MSK80696706,- 66.01,+ 66.01,1.93,1.78,30.09. 07:00
2023-09-13 10:07:58.540417,27575,Menej / Viac,/stavkovanie/politika/slovensko-parlamentne-volby-2023-volebna-ucast-v-/less-more-MSK80696708,- 67.01,+ 67.01,1.6,2.19,30.09. 07:00
2023-09-13 10:07:58.540417,27576,Menej / Viac,/stavkovanie/politika/slovensko-parlamentne-volby-2023-volebna-ucast-v-/less-more-MSK80696709,- 67.51,+ 67.51,1.52,2.36,30.09. 07:00
2023-09-13 12:08:56.021988,25688,Menej / Viac,/stavkovanie/politika/slovensko-parlamentne-volby-2023-volebna-ucast-v-/less-more-MSK78961399,- 65.01,+ 65.01,2.41,1.5,30.09. 07:00
2023-09-13 12:08:56.021988,27574,Menej / Viac,/stavkovanie/politika/slovensko-parlamentne-volby-2023-volebna-ucast-v-/less-more-MSK80696706,- 66.01,+ 66.01,1.93,1.78,30.09. 07:00
2023-09-13 12:08:56.021988,27575,Menej / Viac,/stavkovanie/politika/slovensko-parlamentne-volby-2023-volebna-ucast-v-/less-more-MSK80696708,- 67.01,+ 67.01,1.6,2.19,30.09. 07:00
2023-09-13 12:08:56.021988,27576,Menej / Viac,/stavkovanie/politika/slovensko-parlamentne-volby-2023-volebna-ucast-v-/less-more-MSK80696709,- 67.51,+ 67.51,1.52,2.36,30.09. 07:00
2023-09-13 14:07:38.038445,25688,Menej / Viac,/stavkovanie/politika/slovensko-parlamentne-volby-2023-volebna-ucast-v-/less-more-MSK78961399,- 65.01,+ 65.01,2.41,1.5,30.09. 07:00
2023-09-13 14:07:38.038445,27574,Menej / Viac,/stavkovanie/politika/slovensko-parlamentne-volby-2023-volebna-ucast-v-/less-more-MSK80696706,- 66.01,+ 66.01,1.93,1.78,30.09. 07:00
2023-09-13 14:07:38.038445,27575,Menej / Viac,/stavkovanie/politika/slovensko-parlamentne-volby-2023-volebna-ucast-v-/less-more-MSK80696708,- 67.01,+ 67.01,1.6,2.19,30.09. 07:00
2023-09-13 14:07:38.038445,27576,Menej / Viac,/stavkovanie/politika/slovensko-parlamentne-volby-2023-volebna-ucast-v-/less-more-MSK80696709,- 67.51,+ 67.51,1.52,2.36,30.09. 07:00
2023-09-13 16:08:13.059158,25688,Menej / Viac,/stavkovanie/politika/slovensko-parlamentne-volby-2023-volebna-ucast-v-/less-more-MSK78961399,- 65.01,+ 65.01,2.41,1.5,30.09. 07:00
2023-09-13 16:08:13.059158,27574,Menej / Viac,/stavkovanie/politika/slovensko-parlamentne-volby-2023-volebna-ucast-v-/less-more-MSK80696706,- 66.01,+ 66.01,1.93,1.78,30.09. 07:00
2023-09-13 16:08:13.059158,27575,Menej / Viac,/stavkovanie/politika/slovensko-parlamentne-volby-2023-volebna-ucast-v-/less-more-MSK80696708,- 67.01,+ 67.01,1.6,2.19,30.09. 07:00
2023-09-13 16:08:13.059158,27576,Menej / Viac,/stavkovanie/politika/slovensko-parlamentne-volby-2023-volebna-ucast-v-/less-more-MSK80696709,- 67.51,+ 67.51,1.52,2.36,30.09. 07:00
2023-09-13 18:08:10.847707,25688,Menej / Viac,/stavkovanie/politika/slovensko-parlamentne-volby-2023-volebna-ucast-v-/less-more-MSK78961399,- 65.01,+ 65.01,2.41,1.5,30.09. 07:00
2023-09-13 18:08:10.847707,27574,Menej / Viac,/stavkovanie/politika/slovensko-parlamentne-volby-2023-volebna-ucast-v-/less-more-MSK80696706,- 66.01,+ 66.01,1.93,1.78,30.09. 07:00
2023-09-13 18:08:10.847707,27575,Menej / Viac,/stavkovanie/politika/slovensko-parlamentne-volby-2023-volebna-ucast-v-/less-more-MSK80696708,- 67.01,+ 67.01,1.6,2.19,30.09. 07:00
2023-09-13 18:08:10.847707,27576,Menej / Viac,/stavkovanie/politika/slovensko-parlamentne-volby-2023-volebna-ucast-v-/less-more-MSK80696709,- 67.51,+ 67.51,1.52,2.36,30.09. 07:00
2023-09-13 20:07:36.223603,25688,Menej / Viac,/stavkovanie/politika/slovensko-parlamentne-volby-2023-volebna-ucast-v-/less-more-MSK78961399,- 65.01,+ 65.01,2.36,1.52,30.09. 07:00
2023-09-13 20:07:36.223603,27574,Menej / Viac,/stavkovanie/politika/slovensko-parlamentne-volby-2023-volebna-ucast-v-/less-more-MSK80696706,- 66.01,+ 66.01,1.93,1.78,30.09. 07:00
2023-09-13 20:07:36.223603,27575,Menej / Viac,/stavkovanie/politika/slovensko-parlamentne-volby-2023-volebna-ucast-v-/less-more-MSK80696708,- 67.01,+ 67.01,1.6,2.19,30.09. 07:00
2023-09-13 20:07:36.223603,27576,Menej / Viac,/stavkovanie/politika/slovensko-parlamentne-volby-2023-volebna-ucast-v-/less-more-MSK80696709,- 67.51,+ 67.51,1.52,2.36,30.09. 07:00
2023-09-13 22:07:32.868888,25688,Menej / Viac,/stavkovanie/politika/slovensko-parlamentne-volby-2023-volebna-ucast-v-/less-more-MSK78961399,- 65.01,+ 65.01,2.36,1.52,30.09. 07:00
2023-09-13 22:07:32.868888,27574,Menej / Viac,/stavkovanie/politika/slovensko-parlamentne-volby-2023-volebna-ucast-v-/less-more-MSK80696706,- 66.01,+ 66.01,1.93,1.78,30.09. 07:00
2023-09-13 22:07:32.868888,27575,Menej / Viac,/stavkovanie/politika/slovensko-parlamentne-volby-2023-volebna-ucast-v-/less-more-MSK80696708,- 67.01,+ 67.01,1.5,2.41,30.09. 07:00
2023-09-13 22:07:32.868888,27576,Menej / Viac,/stavkovanie/politika/slovensko-parlamentne-volby-2023-volebna-ucast-v-/less-more-MSK80696709,- 67.51,+ 67.51,1.52,2.36,30.09. 07:00
2023-09-14 00:21:57.799632,25688,Menej / Viac,/stavkovanie/politika/slovensko-parlamentne-volby-2023-volebna-ucast-v-/less-more-MSK78961399,- 65.01,+ 65.01,2.36,1.52,30.09. 07:00
2023-09-14 00:21:57.799632,27574,Menej / Viac,/stavkovanie/politika/slovensko-parlamentne-volby-2023-volebna-ucast-v-/less-more-MSK80696706,- 66.01,+ 66.01,1.93,1.78,30.09. 07:00
2023-09-14 00:21:57.799632,27575,Menej / Viac,/stavkovanie/politika/slovensko-parlamentne-volby-2023-volebna-ucast-v-/less-more-MSK80696708,- 67.01,+ 67.01,1.5,2.41,30.09. 07:00
2023-09-14 00:21:57.799632,27576,Menej / Viac,/stavkovanie/politika/slovensko-parlamentne-volby-2023-volebna-ucast-v-/less-more-MSK80696709,- 67.51,+ 67.51,1.52,2.36,30.09. 07:00
2023-09-14 02:11:32.142280,25688,Menej / Viac,/stavkovanie/politika/slovensko-parlamentne-volby-2023-volebna-ucast-v-/less-more-MSK78961399,- 65.01,+ 65.01,2.36,1.52,30.09. 07:00
2023-09-14 02:11:32.142280,27574,Menej / Viac,/stavkovanie/politika/slovensko-parlamentne-volby-2023-volebna-ucast-v-/less-more-MSK80696706,- 66.01,+ 66.01,1.93,1.78,30.09. 07:00
2023-09-14 02:11:32.142280,27575,Menej / Viac,/stavkovanie/politika/slovensko-parlamentne-volby-2023-volebna-ucast-v-/less-more-MSK80696708,- 67.01,+ 67.01,1.5,2.41,30.09. 07:00
2023-09-14 02:11:32.142280,27576,Menej / Viac,/stavkovanie/politika/slovensko-parlamentne-volby-2023-volebna-ucast-v-/less-more-MSK80696709,- 67.51,+ 67.51,1.52,2.36,30.09. 07:00
2023-09-14 04:07:56.982027,25688,Menej / Viac,/stavkovanie/politika/slovensko-parlamentne-volby-2023-volebna-ucast-v-/less-more-MSK78961399,- 65.01,+ 65.01,2.36,1.52,30.09. 07:00
2023-09-14 04:07:56.982027,27574,Menej / Viac,/stavkovanie/politika/slovensko-parlamentne-volby-2023-volebna-ucast-v-/less-more-MSK80696706,- 66.01,+ 66.01,1.93,1.78,30.09. 07:00
2023-09-14 04:07:56.982027,27575,Menej / Viac,/stavkovanie/politika/slovensko-parlamentne-volby-2023-volebna-ucast-v-/less-more-MSK80696708,- 67.01,+ 67.01,1.5,2.41,30.09. 07:00
2023-09-14 04:07:56.982027,27576,Menej / Viac,/stavkovanie/politika/slovensko-parlamentne-volby-2023-volebna-ucast-v-/less-more-MSK80696709,- 67.51,+ 67.51,1.52,2.36,30.09. 07:00
2023-09-14 06:08:25.498762,25688,Menej / Viac,/stavkovanie/politika/slovensko-parlamentne-volby-2023-volebna-ucast-v-/less-more-MSK78961399,- 65.01,+ 65.01,2.36,1.52,30.09. 07:00
2023-09-14 06:08:25.498762,27574,Menej / Viac,/stavkovanie/politika/slovensko-parlamentne-volby-2023-volebna-ucast-v-/less-more-MSK80696706,- 66.01,+ 66.01,1.93,1.78,30.09. 07:00
2023-09-14 06:08:25.498762,27575,Menej / Viac,/stavkovanie/politika/slovensko-parlamentne-volby-2023-volebna-ucast-v-/less-more-MSK80696708,- 67.01,+ 67.01,1.5,2.41,30.09. 07:00
2023-09-14 06:08:25.498762,27576,Menej / Viac,/stavkovanie/politika/slovensko-parlamentne-volby-2023-volebna-ucast-v-/less-more-MSK80696709,- 67.51,+ 67.51,1.52,2.36,30.09. 07:00
2023-09-14 08:08:23.963030,25688,Menej / Viac,/stavkovanie/politika/slovensko-parlamentne-volby-2023-volebna-ucast-v-/less-more-MSK78961399,- 65.01,+ 65.01,2.19,1.6,30.09. 07:00
2023-09-14 08:08:23.963030,27574,Menej / Viac,/stavkovanie/politika/slovensko-parlamentne-volby-2023-volebna-ucast-v-/less-more-MSK80696706,- 66.01,+ 66.01,1.8,1.9,30.09. 07:00
2023-09-14 08:08:23.963030,27575,Menej / Viac,/stavkovanie/politika/slovensko-parlamentne-volby-2023-volebna-ucast-v-/less-more-MSK80696708,- 67.01,+ 67.01,1.5,2.41,30.09. 07:00
2023-09-14 08:08:23.963030,27576,Menej / Viac,/stavkovanie/politika/slovensko-parlamentne-volby-2023-volebna-ucast-v-/less-more-MSK80696709,- 67.51,+ 67.51,1.34,3.0,30.09. 07:00
2023-09-14 10:08:02.895340,25688,Menej / Viac,/stavkovanie/politika/slovensko-parlamentne-volby-2023-volebna-ucast-v-/less-more-MSK78961399,- 65.01,+ 65.01,2.19,1.6,30.09. 07:00
2023-09-14 10:08:02.895340,27574,Menej / Viac,/stavkovanie/politika/slovensko-parlamentne-volby-2023-volebna-ucast-v-/less-more-MSK80696706,- 66.01,+ 66.01,1.8,1.9,30.09. 07:00
2023-09-14 10:08:02.895340,27575,Menej / Viac,/stavkovanie/politika/slovensko-parlamentne-volby-2023-volebna-ucast-v-/less-more-MSK80696708,- 67.01,+ 67.01,1.5,2.41,30.09. 07:00
2023-09-14 10:08:02.895340,27576,Menej / Viac,/stavkovanie/politika/slovensko-parlamentne-volby-2023-volebna-ucast-v-/less-more-MSK80696709,- 67.51,+ 67.51,1.34,3.0,30.09. 07:00
2023-09-14 12:08:56.469152,25688,Menej / Viac,/stavkovanie/politika/slovensko-parlamentne-volby-2023-volebna-ucast-v-/less-more-MSK78961399,- 65.01,+ 65.01,2.19,1.6,30.09. 07:00
2023-09-14 12:08:56.469152,27574,Menej / Viac,/stavkovanie/politika/slovensko-parlamentne-volby-2023-volebna-ucast-v-/less-more-MSK80696706,- 66.01,+ 66.01,1.8,1.9,30.09. 07:00
2023-09-14 12:08:56.469152,27575,Menej / Viac,/stavkovanie/politika/slovensko-parlamentne-volby-2023-volebna-ucast-v-/less-more-MSK80696708,- 67.01,+ 67.01,1.5,2.41,30.09. 07:00
2023-09-14 12:08:56.469152,27576,Menej / Viac,/stavkovanie/politika/slovensko-parlamentne-volby-2023-volebna-ucast-v-/less-more-MSK80696709,- 67.51,+ 67.51,1.34,3.0,30.09. 07:00
2023-09-14 14:07:45.447145,25688,Menej / Viac,/stavkovanie/politika/slovensko-parlamentne-volby-2023-volebna-ucast-v-/less-more-MSK78961399,- 65.01,+ 65.01,2.19,1.6,30.09. 07:00
2023-09-14 14:07:45.447145,27574,Menej / Viac,/stavkovanie/politika/slovensko-parlamentne-volby-2023-volebna-ucast-v-/less-more-MSK80696706,- 66.01,+ 66.01,1.8,1.9,30.09. 07:00
2023-09-14 14:07:45.447145,27575,Menej / Viac,/stavkovanie/politika/slovensko-parlamentne-volby-2023-volebna-ucast-v-/less-more-MSK80696708,- 67.01,+ 67.01,1.5,2.41,30.09. 07:00
2023-09-14 14:07:45.447145,27576,Menej / Viac,/stavkovanie/politika/slovensko-parlamentne-volby-2023-volebna-ucast-v-/less-more-MSK80696709,- 67.51,+ 67.51,1.34,3.0,30.09. 07:00
2023-09-14 16:08:06.615514,25688,Menej / Viac,/stavkovanie/politika/slovensko-parlamentne-volby-2023-volebna-ucast-v-/less-more-MSK78961399,- 65.01,+ 65.01,2.19,1.6,30.09. 07:00
2023-09-14 16:08:06.615514,27574,Menej / Viac,/stavkovanie/politika/slovensko-parlamentne-volby-2023-volebna-ucast-v-/less-more-MSK80696706,- 66.01,+ 66.01,1.8,1.9,30.09. 07:00
2023-09-14 16:08:06.615514,27575,Menej / Viac,/stavkovanie/politika/slovensko-parlamentne-volby-2023-volebna-ucast-v-/less-more-MSK80696708,- 67.01,+ 67.01,1.5,2.41,30.09. 07:00
2023-09-14 16:08:06.615514,27576,Menej / Viac,/stavkovanie/politika/slovensko-parlamentne-volby-2023-volebna-ucast-v-/less-more-MSK80696709,- 67.51,+ 67.51,1.34,3.0,30.09. 07:00
2023-09-14 18:08:17.514077,25684,Menej / Viac,/stavkovanie/politika/slovensko-parlamentne-volby-2023-volebna-ucast-v-/less-more-MSK78961375,- 62.51,+ 62.51,3.56,1.25,30.09. 07:00
2023-09-14 18:08:17.514077,25688,Menej / Viac,/stavkovanie/politika/slovensko-parlamentne-volby-2023-volebna-ucast-v-/less-more-MSK78961399,- 65.01,+ 65.01,2.19,1.6,30.09. 07:00
2023-09-14 18:08:17.514077,27574,Menej / Viac,/stavkovanie/politika/slovensko-parlamentne-volby-2023-volebna-ucast-v-/less-more-MSK80696706,- 66.01,+ 66.01,1.8,1.9,30.09. 07:00
2023-09-14 18:08:17.514077,27575,Menej / Viac,/stavkovanie/politika/slovensko-parlamentne-volby-2023-volebna-ucast-v-/less-more-MSK80696708,- 67.01,+ 67.01,1.5,2.41,30.09. 07:00
2023-09-14 18:08:17.514077,27576,Menej / Viac,/stavkovanie/politika/slovensko-parlamentne-volby-2023-volebna-ucast-v-/less-more-MSK80696709,- 67.51,+ 67.51,1.37,2.85,30.09. 07:00
2023-09-14 20:07:53.472162,25684,Menej / Viac,/stavkovanie/politika/slovensko-parlamentne-volby-2023-volebna-ucast-v-/less-more-MSK78961375,- 62.51,+ 62.51,3.56,1.25,30.09. 07:00
2023-09-14 20:07:53.472162,25688,Menej / Viac,/stavkovanie/politika/slovensko-parlamentne-volby-2023-volebna-ucast-v-/less-more-MSK78961399,- 65.01,+ 65.01,2.19,1.6,30.09. 07:00
2023-09-14 20:07:53.472162,27574,Menej / Viac,/stavkovanie/politika/slovensko-parlamentne-volby-2023-volebna-ucast-v-/less-more-MSK80696706,- 66.01,+ 66.01,1.8,1.9,30.09. 07:00
2023-09-14 20:07:53.472162,27575,Menej / Viac,/stavkovanie/politika/slovensko-parlamentne-volby-2023-volebna-ucast-v-/less-more-MSK80696708,- 67.01,+ 67.01,1.5,2.41,30.09. 07:00
2023-09-14 20:07:53.472162,27576,Menej / Viac,/stavkovanie/politika/slovensko-parlamentne-volby-2023-volebna-ucast-v-/less-more-MSK80696709,- 67.51,+ 67.51,1.37,2.85,30.09. 07:00
2023-09-14 22:07:41.248436,25684,Menej / Viac,/stavkovanie/politika/slovensko-parlamentne-volby-2023-volebna-ucast-v-/less-more-MSK78961375,- 62.51,+ 62.51,3.56,1.25,30.09. 07:00
2023-09-14 22:07:41.248436,25688,Menej / Viac,/stavkovanie/politika/slovensko-parlamentne-volby-2023-volebna-ucast-v-/less-more-MSK78961399,- 65.01,+ 65.01,2.19,1.6,30.09. 07:00
2023-09-14 22:07:41.248436,27574,Menej / Viac,/stavkovanie/politika/slovensko-parlamentne-volby-2023-volebna-ucast-v-/less-more-MSK80696706,- 66.01,+ 66.01,1.8,1.9,30.09. 07:00
2023-09-14 22:07:41.248436,27575,Menej / Viac,/stavkovanie/politika/slovensko-parlamentne-volby-2023-volebna-ucast-v-/less-more-MSK80696708,- 67.01,+ 67.01,1.5,2.41,30.09. 07:00
2023-09-14 22:07:41.248436,27576,Menej / Viac,/stavkovanie/politika/slovensko-parlamentne-volby-2023-volebna-ucast-v-/less-more-MSK80696709,- 67.51,+ 67.51,1.37,2.85,30.09. 07:00
2023-09-15 00:22:08.018287,25684,Menej / Viac,/stavkovanie/politika/slovensko-parlamentne-volby-2023-volebna-ucast-v-/less-more-MSK78961375,- 62.51,+ 62.51,3.56,1.25,30.09. 07:00
2023-09-15 00:22:08.018287,25688,Menej / Viac,/stavkovanie/politika/slovensko-parlamentne-volby-2023-volebna-ucast-v-/less-more-MSK78961399,- 65.01,+ 65.01,2.19,1.6,30.09. 07:00
2023-09-15 00:22:08.018287,27574,Menej / Viac,/stavkovanie/politika/slovensko-parlamentne-volby-2023-volebna-ucast-v-/less-more-MSK80696706,- 66.01,+ 66.01,1.8,1.9,30.09. 07:00
2023-09-15 00:22:08.018287,27575,Menej / Viac,/stavkovanie/politika/slovensko-parlamentne-volby-2023-volebna-ucast-v-/less-more-MSK80696708,- 67.01,+ 67.01,1.5,2.41,30.09. 07:00
2023-09-15 00:22:08.018287,27576,Menej / Viac,/stavkovanie/politika/slovensko-parlamentne-volby-2023-volebna-ucast-v-/less-more-MSK80696709,- 67.51,+ 67.51,1.37,2.85,30.09. 07:00
2023-09-15 02:12:57.136579,25684,Menej / Viac,/stavkovanie/politika/slovensko-parlamentne-volby-2023-volebna-ucast-v-/less-more-MSK78961375,- 62.51,+ 62.51,3.56,1.25,30.09. 07:00
2023-09-15 02:12:57.136579,25688,Menej / Viac,/stavkovanie/politika/slovensko-parlamentne-volby-2023-volebna-ucast-v-/less-more-MSK78961399,- 65.01,+ 65.01,2.19,1.6,30.09. 07:00
2023-09-15 02:12:57.136579,27574,Menej / Viac,/stavkovanie/politika/slovensko-parlamentne-volby-2023-volebna-ucast-v-/less-more-MSK80696706,- 66.01,+ 66.01,1.8,1.9,30.09. 07:00
2023-09-15 02:12:57.136579,27575,Menej / Viac,/stavkovanie/politika/slovensko-parlamentne-volby-2023-volebna-ucast-v-/less-more-MSK80696708,- 67.01,+ 67.01,1.5,2.41,30.09. 07:00
2023-09-15 02:12:57.136579,27576,Menej / Viac,/stavkovanie/politika/slovensko-parlamentne-volby-2023-volebna-ucast-v-/less-more-MSK80696709,- 67.51,+ 67.51,1.37,2.85,30.09. 07:00
2023-09-15 04:08:05.213426,25684,Menej / Viac,/stavkovanie/politika/slovensko-parlamentne-volby-2023-volebna-ucast-v-/less-more-MSK78961375,- 62.51,+ 62.51,3.56,1.25,30.09. 07:00
2023-09-15 04:08:05.213426,25688,Menej / Viac,/stavkovanie/politika/slovensko-parlamentne-volby-2023-volebna-ucast-v-/less-more-MSK78961399,- 65.01,+ 65.01,2.19,1.6,30.09. 07:00
2023-09-15 04:08:05.213426,27574,Menej / Viac,/stavkovanie/politika/slovensko-parlamentne-volby-2023-volebna-ucast-v-/less-more-MSK80696706,- 66.01,+ 66.01,1.8,1.9,30.09. 07:00
2023-09-15 04:08:05.213426,27575,Menej / Viac,/stavkovanie/politika/slovensko-parlamentne-volby-2023-volebna-ucast-v-/less-more-MSK80696708,- 67.01,+ 67.01,1.5,2.41,30.09. 07:00
2023-09-15 04:08:05.213426,27576,Menej / Viac,/stavkovanie/politika/slovensko-parlamentne-volby-2023-volebna-ucast-v-/less-more-MSK80696709,- 67.51,+ 67.51,1.37,2.85,30.09. 07:00
2023-09-15 06:08:20.955707,25684,Menej / Viac,/stavkovanie/politika/slovensko-parlamentne-volby-2023-volebna-ucast-v-/less-more-MSK78961375,- 62.51,+ 62.51,3.56,1.25,30.09. 07:00
2023-09-15 06:08:20.955707,25688,Menej / Viac,/stavkovanie/politika/slovensko-parlamentne-volby-2023-volebna-ucast-v-/less-more-MSK78961399,- 65.01,+ 65.01,2.19,1.6,30.09. 07:00
2023-09-15 06:08:20.955707,27574,Menej / Viac,/stavkovanie/politika/slovensko-parlamentne-volby-2023-volebna-ucast-v-/less-more-MSK80696706,- 66.01,+ 66.01,1.8,1.9,30.09. 07:00
2023-09-15 06:08:20.955707,27575,Menej / Viac,/stavkovanie/politika/slovensko-parlamentne-volby-2023-volebna-ucast-v-/less-more-MSK80696708,- 67.01,+ 67.01,1.5,2.41,30.09. 07:00
2023-09-15 06:08:20.955707,27576,Menej / Viac,/stavkovanie/politika/slovensko-parlamentne-volby-2023-volebna-ucast-v-/less-more-MSK80696709,- 67.51,+ 67.51,1.37,2.85,30.09. 07:00
2023-09-15 08:08:19.387842,25684,Menej / Viac,/stavkovanie/politika/slovensko-parlamentne-volby-2023-volebna-ucast-v-/less-more-MSK78961375,- 62.51,+ 62.51,3.56,1.25,30.09. 07:00
2023-09-15 08:08:19.387842,25688,Menej / Viac,/stavkovanie/politika/slovensko-parlamentne-volby-2023-volebna-ucast-v-/less-more-MSK78961399,- 65.01,+ 65.01,2.19,1.6,30.09. 07:00
2023-09-15 08:08:19.387842,27574,Menej / Viac,/stavkovanie/politika/slovensko-parlamentne-volby-2023-volebna-ucast-v-/less-more-MSK80696706,- 66.01,+ 66.01,1.8,1.9,30.09. 07:00
2023-09-15 08:08:19.387842,27575,Menej / Viac,/stavkovanie/politika/slovensko-parlamentne-volby-2023-volebna-ucast-v-/less-more-MSK80696708,- 67.01,+ 67.01,1.5,2.41,30.09. 07:00
2023-09-15 08:08:19.387842,27576,Menej / Viac,/stavkovanie/politika/slovensko-parlamentne-volby-2023-volebna-ucast-v-/less-more-MSK80696709,- 67.51,+ 67.51,1.37,2.85,30.09. 07:00
2023-09-15 10:07:57.860657,25684,Menej / Viac,/stavkovanie/politika/slovensko-parlamentne-volby-2023-volebna-ucast-v-/less-more-MSK78961375,- 62.51,+ 62.51,3.56,1.25,30.09. 07:00
2023-09-15 10:07:57.860657,25688,Menej / Viac,/stavkovanie/politika/slovensko-parlamentne-volby-2023-volebna-ucast-v-/less-more-MSK78961399,- 65.01,+ 65.01,2.19,1.6,30.09. 07:00
2023-09-15 10:07:57.860657,27574,Menej / Viac,/stavkovanie/politika/slovensko-parlamentne-volby-2023-volebna-ucast-v-/less-more-MSK80696706,- 66.01,+ 66.01,1.8,1.9,30.09. 07:00
2023-09-15 10:07:57.860657,27575,Menej / Viac,/stavkovanie/politika/slovensko-parlamentne-volby-2023-volebna-ucast-v-/less-more-MSK80696708,- 67.01,+ 67.01,1.5,2.41,30.09. 07:00
2023-09-15 10:07:57.860657,27576,Menej / Viac,/stavkovanie/politika/slovensko-parlamentne-volby-2023-volebna-ucast-v-/less-more-MSK80696709,- 67.51,+ 67.51,1.37,2.85,30.09. 07:00
2023-09-15 12:08:38.386885,25684,Menej / Viac,/stavkovanie/politika/slovensko-parlamentne-volby-2023-volebna-ucast-v-/less-more-MSK78961375,- 62.51,+ 62.51,3.56,1.25,30.09. 07:00
2023-09-15 12:08:38.386885,25688,Menej / Viac,/stavkovanie/politika/slovensko-parlamentne-volby-2023-volebna-ucast-v-/less-more-MSK78961399,- 65.01,+ 65.01,2.19,1.6,30.09. 07:00
2023-09-15 12:08:38.386885,27574,Menej / Viac,/stavkovanie/politika/slovensko-parlamentne-volby-2023-volebna-ucast-v-/less-more-MSK80696706,- 66.01,+ 66.01,1.8,1.9,30.09. 07:00
2023-09-15 12:08:38.386885,27575,Menej / Viac,/stavkovanie/politika/slovensko-parlamentne-volby-2023-volebna-ucast-v-/less-more-MSK80696708,- 67.01,+ 67.01,1.5,2.41,30.09. 07:00
2023-09-15 12:08:38.386885,27576,Menej / Viac,/stavkovanie/politika/slovensko-parlamentne-volby-2023-volebna-ucast-v-/less-more-MSK80696709,- 67.51,+ 67.51,1.37,2.85,30.09. 07:00
2023-09-15 14:07:33.173176,25684,Menej / Viac,/stavkovanie/politika/slovensko-parlamentne-volby-2023-volebna-ucast-v-/less-more-MSK78961375,- 62.51,+ 62.51,3.56,1.25,30.09. 07:00
2023-09-15 14:07:33.173176,25688,Menej / Viac,/stavkovanie/politika/slovensko-parlamentne-volby-2023-volebna-ucast-v-/less-more-MSK78961399,- 65.01,+ 65.01,2.19,1.6,30.09. 07:00
2023-09-15 14:07:33.173176,27574,Menej / Viac,/stavkovanie/politika/slovensko-parlamentne-volby-2023-volebna-ucast-v-/less-more-MSK80696706,- 66.01,+ 66.01,1.8,1.9,30.09. 07:00
2023-09-15 14:07:33.173176,27575,Menej / Viac,/stavkovanie/politika/slovensko-parlamentne-volby-2023-volebna-ucast-v-/less-more-MSK80696708,- 67.01,+ 67.01,1.5,2.41,30.09. 07:00
2023-09-15 14:07:33.173176,27576,Menej / Viac,/stavkovanie/politika/slovensko-parlamentne-volby-2023-volebna-ucast-v-/less-more-MSK80696709,- 67.51,+ 67.51,1.37,2.85,30.09. 07:00
2023-09-15 16:07:59.034206,25684,Menej / Viac,/stavkovanie/politika/slovensko-parlamentne-volby-2023-volebna-ucast-v-/less-more-MSK78961375,- 62.51,+ 62.51,3.56,1.25,30.09. 07:00
2023-09-15 16:07:59.034206,25688,Menej / Viac,/stavkovanie/politika/slovensko-parlamentne-volby-2023-volebna-ucast-v-/less-more-MSK78961399,- 65.01,+ 65.01,2.19,1.6,30.09. 07:00
2023-09-15 16:07:59.034206,27574,Menej / Viac,/stavkovanie/politika/slovensko-parlamentne-volby-2023-volebna-ucast-v-/less-more-MSK80696706,- 66.01,+ 66.01,1.8,1.9,30.09. 07:00
2023-09-15 16:07:59.034206,27575,Menej / Viac,/stavkovanie/politika/slovensko-parlamentne-volby-2023-volebna-ucast-v-/less-more-MSK80696708,- 67.01,+ 67.01,1.5,2.41,30.09. 07:00
2023-09-15 16:07:59.034206,27576,Menej / Viac,/stavkovanie/politika/slovensko-parlamentne-volby-2023-volebna-ucast-v-/less-more-MSK80696709,- 67.51,+ 67.51,1.37,2.85,30.09. 07:00
2023-09-15 18:08:08.510039,25684,Menej / Viac,/stavkovanie/politika/slovensko-parlamentne-volby-2023-volebna-ucast-v-/less-more-MSK78961375,- 62.51,+ 62.51,3.56,1.25,30.09. 07:00
2023-09-15 18:08:08.510039,25688,Menej / Viac,/stavkovanie/politika/slovensko-parlamentne-volby-2023-volebna-ucast-v-/less-more-MSK78961399,- 65.01,+ 65.01,2.19,1.6,30.09. 07:00
2023-09-15 18:08:08.510039,27574,Menej / Viac,/stavkovanie/politika/slovensko-parlamentne-volby-2023-volebna-ucast-v-/less-more-MSK80696706,- 66.01,+ 66.01,1.8,1.9,30.09. 07:00
2023-09-15 18:08:08.510039,27575,Menej / Viac,/stavkovanie/politika/slovensko-parlamentne-volby-2023-volebna-ucast-v-/less-more-MSK80696708,- 67.01,+ 67.01,1.5,2.41,30.09. 07:00
2023-09-15 18:08:08.510039,27576,Menej / Viac,/stavkovanie/politika/slovensko-parlamentne-volby-2023-volebna-ucast-v-/less-more-MSK80696709,- 67.51,+ 67.51,1.37,2.85,30.09. 07:00
2023-09-15 20:07:46.418625,25684,Menej / Viac,/stavkovanie/politika/slovensko-parlamentne-volby-2023-volebna-ucast-v-/less-more-MSK78961375,- 62.51,+ 62.51,3.56,1.25,30.09. 07:00
2023-09-15 20:07:46.418625,25688,Menej / Viac,/stavkovanie/politika/slovensko-parlamentne-volby-2023-volebna-ucast-v-/less-more-MSK78961399,- 65.01,+ 65.01,2.19,1.6,30.09. 07:00
2023-09-15 20:07:46.418625,27574,Menej / Viac,/stavkovanie/politika/slovensko-parlamentne-volby-2023-volebna-ucast-v-/less-more-MSK80696706,- 66.01,+ 66.01,1.8,1.9,30.09. 07:00
2023-09-15 20:07:46.418625,27575,Menej / Viac,/stavkovanie/politika/slovensko-parlamentne-volby-2023-volebna-ucast-v-/less-more-MSK80696708,- 67.01,+ 67.01,1.5,2.41,30.09. 07:00
2023-09-15 20:07:46.418625,27576,Menej / Viac,/stavkovanie/politika/slovensko-parlamentne-volby-2023-volebna-ucast-v-/less-more-MSK80696709,- 67.51,+ 67.51,1.37,2.85,30.09. 07:00
2023-09-15 22:07:28.274903,25684,Menej / Viac,/stavkovanie/politika/slovensko-parlamentne-volby-2023-volebna-ucast-v-/less-more-MSK78961375,- 62.51,+ 62.51,3.56,1.25,30.09. 07:00
2023-09-15 22:07:28.274903,25688,Menej / Viac,/stavkovanie/politika/slovensko-parlamentne-volby-2023-volebna-ucast-v-/less-more-MSK78961399,- 65.01,+ 65.01,2.19,1.6,30.09. 07:00
2023-09-15 22:07:28.274903,27574,Menej / Viac,/stavkovanie/politika/slovensko-parlamentne-volby-2023-volebna-ucast-v-/less-more-MSK80696706,- 66.01,+ 66.01,1.8,1.9,30.09. 07:00
2023-09-15 22:07:28.274903,27575,Menej / Viac,/stavkovanie/politika/slovensko-parlamentne-volby-2023-volebna-ucast-v-/less-more-MSK80696708,- 67.01,+ 67.01,1.5,2.41,30.09. 07:00
2023-09-15 22:07:28.274903,27576,Menej / Viac,/stavkovanie/politika/slovensko-parlamentne-volby-2023-volebna-ucast-v-/less-more-MSK80696709,- 67.51,+ 67.51,1.37,2.85,30.09. 07:00
2023-09-16 00:21:17.479403,25684,Menej / Viac,/stavkovanie/politika/slovensko-parlamentne-volby-2023-volebna-ucast-v-/less-more-MSK78961375,- 62.51,+ 62.51,3.56,1.25,30.09. 07:00
2023-09-16 00:21:17.479403,25688,Menej / Viac,/stavkovanie/politika/slovensko-parlamentne-volby-2023-volebna-ucast-v-/less-more-MSK78961399,- 65.01,+ 65.01,2.19,1.6,30.09. 07:00
2023-09-16 00:21:17.479403,27574,Menej / Viac,/stavkovanie/politika/slovensko-parlamentne-volby-2023-volebna-ucast-v-/less-more-MSK80696706,- 66.01,+ 66.01,1.8,1.9,30.09. 07:00
2023-09-16 00:21:17.479403,27575,Menej / Viac,/stavkovanie/politika/slovensko-parlamentne-volby-2023-volebna-ucast-v-/less-more-MSK80696708,- 67.01,+ 67.01,1.5,2.41,30.09. 07:00
2023-09-16 00:21:17.479403,27576,Menej / Viac,/stavkovanie/politika/slovensko-parlamentne-volby-2023-volebna-ucast-v-/less-more-MSK80696709,- 67.51,+ 67.51,1.37,2.85,30.09. 07:00
2023-09-16 02:10:08.381512,25684,Menej / Viac,/stavkovanie/politika/slovensko-parlamentne-volby-2023-volebna-ucast-v-/less-more-MSK78961375,- 62.51,+ 62.51,3.56,1.25,30.09. 07:00
2023-09-16 02:10:08.381512,25688,Menej / Viac,/stavkovanie/politika/slovensko-parlamentne-volby-2023-volebna-ucast-v-/less-more-MSK78961399,- 65.01,+ 65.01,2.19,1.6,30.09. 07:00
2023-09-16 02:10:08.381512,27574,Menej / Viac,/stavkovanie/politika/slovensko-parlamentne-volby-2023-volebna-ucast-v-/less-more-MSK80696706,- 66.01,+ 66.01,1.8,1.9,30.09. 07:00
2023-09-16 02:10:08.381512,27575,Menej / Viac,/stavkovanie/politika/slovensko-parlamentne-volby-2023-volebna-ucast-v-/less-more-MSK80696708,- 67.01,+ 67.01,1.5,2.41,30.09. 07:00
2023-09-16 02:10:08.381512,27576,Menej / Viac,/stavkovanie/politika/slovensko-parlamentne-volby-2023-volebna-ucast-v-/less-more-MSK80696709,- 67.51,+ 67.51,1.37,2.85,30.09. 07:00
